Database Name,Schema Name,Object Name,Object Type,Column Name,Data Type,Connection Logic Name,CONNECTION_ID
bdprod52899,bdprod52899,grp_df_comprobacion_final,TABLE,min_forecast,double,Impala ODBC,100
bdprod52899,bdprod52899,grp_df_comprobacion_final_fs,TABLE,min_forecast,double,Impala ODBC,100
bdprod52899,bdprod52899,grp_df_fechas_apertura_n_dias_anteriores,TABLE,min_forecast,double,Impala ODBC,100
bdprod52899,bdprod52899,grp_df_fechas_apertura_n_dias_anteriores_fs,TABLE,min_forecast,double,Impala ODBC,100
bdprod52899,bdprod52899,grp_df_prevision_filtered,TABLE,promo_sales_forecast,double,Impala ODBC,100
bdprod52899,bdprod52899,grp_df_prevision_filtered,TABLE,regular_sales_forecast,double,Impala ODBC,100
bdprod52899,bdprod52899,grp_df_prevision_filtered_fs,TABLE,promo_sales_forecast,double,Impala ODBC,100
bdprod52899,bdprod52899,grp_df_prevision_filtered_fs,TABLE,regular_sales_forecast,double,Impala ODBC,100
bdprod52899,bdprod52899,grp_df_ult_n_dias_y_prev_venta_segun_rotacion,TABLE,min_forecast,double,Impala ODBC,100
bdprod52899,bdprod52899,grp_df_ult_n_dias_y_prev_venta_segun_rotacion_fs,TABLE,min_forecast,double,Impala ODBC,100
bdprod52899,bdprod52899,grp_df_ventas_y_prev_ultim_n_dias_pre,TABLE,min_forecast,double,Impala ODBC,100
bdprod52899,bdprod52899,grp_df_ventas_y_prev_ultim_n_dias_pre,TABLE,promo_sales_forecast,double,Impala ODBC,100
bdprod52899,bdprod52899,grp_df_ventas_y_prev_ultim_n_dias_pre,TABLE,regular_sales_forecast,double,Impala ODBC,100
bdprod52899,bdprod52899,grp_df_ventas_y_prev_ultim_n_dias_pre_fs,TABLE,min_forecast,double,Impala ODBC,100
bdprod52899,bdprod52899,grp_df_ventas_y_prev_ultim_n_dias_pre_fs,TABLE,promo_sales_forecast,double,Impala ODBC,100
bdprod52899,bdprod52899,grp_df_ventas_y_prev_ultim_n_dias_pre_fs,TABLE,regular_sales_forecast,double,Impala ODBC,100
ds_propen_up,ds_propen_up,forecast_err_textile_dsm,TABLE,#,Partition,Impala ODBC,100
ds_propen_up,ds_propen_up,forecast_err_textile_dsm,TABLE,codnac,bigint,Impala ODBC,100
ds_propen_up,ds_propen_up,forecast_err_textile_dsm,TABLE,collection_code,string,Impala ODBC,100
ds_propen_up,ds_propen_up,forecast_err_textile_dsm,TABLE,collection_year,bigint,Impala ODBC,100
ds_propen_up,ds_propen_up,forecast_err_textile_dsm,TABLE,err,bigint,Impala ODBC,100
ds_propen_up,ds_propen_up,forecast_err_textile_dsm,TABLE,err_perc,double,Impala ODBC,100
ds_propen_up,ds_propen_up,forecast_err_textile_dsm,TABLE,err_rayonid,bigint,Impala ODBC,100
ds_propen_up,ds_propen_up,forecast_err_textile_dsm,TABLE,err_rayonid_perc,double,Impala ODBC,100
ds_propen_up,ds_propen_up,forecast_err_textile_dsm,TABLE,familyid,string,Impala ODBC,100
ds_propen_up,ds_propen_up,forecast_err_textile_dsm,TABLE,ncolor,double,Impala ODBC,100
ds_propen_up,ds_propen_up,forecast_err_textile_dsm,TABLE,ntemporad,bigint,Impala ODBC,100
ds_propen_up,ds_propen_up,forecast_err_textile_dsm,TABLE,nweek_life,int,Impala ODBC,100
ds_propen_up,ds_propen_up,forecast_err_textile_dsm,TABLE,nweek_year,int,Impala ODBC,100
ds_propen_up,ds_propen_up,forecast_err_textile_dsm,TABLE,plaza_pricing,bigint,Impala ODBC,100
ds_propen_up,ds_propen_up,forecast_err_textile_dsm,TABLE,pred_tot_sales_today_rayonid,bigint,Impala ODBC,100
ds_propen_up,ds_propen_up,forecast_err_textile_dsm,TABLE,pred_total_sales_today,bigint,Impala ODBC,100
ds_propen_up,ds_propen_up,forecast_err_textile_dsm,TABLE,rayonid,string,Impala ODBC,100
ds_propen_up,ds_propen_up,forecast_err_textile_dsm,TABLE,tot_sales_today_rayonid,bigint,Impala ODBC,100
ds_propen_up,ds_propen_up,forecast_err_textile_dsm,TABLE,total_sales_today,bigint,Impala ODBC,100
ds_propen_up,ds_propen_up,forecast_err_textile_dsm,TABLE,ts_insert_dlk,timestamp,Impala ODBC,100
ds_propen_up,ds_propen_up,forecast_err_textile_dsm,TABLE,ts_update_dlk,timestamp,Impala ODBC,100
ds_propen_up,ds_propen_up,forecast_err_textile_dsm,TABLE,user_insert_dlk,string,Impala ODBC,100
ds_propen_up,ds_propen_up,forecast_err_textile_dsm,TABLE,user_update_dlk,string,Impala ODBC,100
ds_propen_up,ds_propen_up,forecast_err_textile_dsm,TABLE,year,int,Impala ODBC,100
ds_propen_up,ds_propen_up,sales_forecast_textile_dsm,TABLE,#,Partition,Impala ODBC,100
ds_propen_up,ds_propen_up,sales_forecast_textile_dsm,TABLE,codnac,bigint,Impala ODBC,100
ds_propen_up,ds_propen_up,sales_forecast_textile_dsm,TABLE,collection_code,string,Impala ODBC,100
ds_propen_up,ds_propen_up,sales_forecast_textile_dsm,TABLE,collection_year,bigint,Impala ODBC,100
ds_propen_up,ds_propen_up,sales_forecast_textile_dsm,TABLE,consumed_stock_target,double,Impala ODBC,100
ds_propen_up,ds_propen_up,sales_forecast_textile_dsm,TABLE,current_nweek,int,Impala ODBC,100
ds_propen_up,ds_propen_up,sales_forecast_textile_dsm,TABLE,date_life,string,Impala ODBC,100
ds_propen_up,ds_propen_up,sales_forecast_textile_dsm,TABLE,ed,float,Impala ODBC,100
ds_propen_up,ds_propen_up,sales_forecast_textile_dsm,TABLE,familyid,string,Impala ODBC,100
ds_propen_up,ds_propen_up,sales_forecast_textile_dsm,TABLE,first_md,double,Impala ODBC,100
ds_propen_up,ds_propen_up,sales_forecast_textile_dsm,TABLE,forecast_all_life,int,Impala ODBC,100
ds_propen_up,ds_propen_up,sales_forecast_textile_dsm,TABLE,implantation_date,string,Impala ODBC,100
ds_propen_up,ds_propen_up,sales_forecast_textile_dsm,TABLE,initial_selling_price,double,Impala ODBC,100
ds_propen_up,ds_propen_up,sales_forecast_textile_dsm,TABLE,life_until_first_md,double,Impala ODBC,100
ds_propen_up,ds_propen_up,sales_forecast_textile_dsm,TABLE,margin_threshold,double,Impala ODBC,100
ds_propen_up,ds_propen_up,sales_forecast_textile_dsm,TABLE,min_selling_price,float,Impala ODBC,100
ds_propen_up,ds_propen_up,sales_forecast_textile_dsm,TABLE,ncolor,double,Impala ODBC,100
ds_propen_up,ds_propen_up,sales_forecast_textile_dsm,TABLE,nmaxweeks,int,Impala ODBC,100
ds_propen_up,ds_propen_up,sales_forecast_textile_dsm,TABLE,ntemporad,bigint,Impala ODBC,100
ds_propen_up,ds_propen_up,sales_forecast_textile_dsm,TABLE,nweek_exec_avail,int,Impala ODBC,100
ds_propen_up,ds_propen_up,sales_forecast_textile_dsm,TABLE,nweek_life,int,Impala ODBC,100
ds_propen_up,ds_propen_up,sales_forecast_textile_dsm,TABLE,nweek_year,int,Impala ODBC,100
ds_propen_up,ds_propen_up,sales_forecast_textile_dsm,TABLE,nweeks_to_end,int,Impala ODBC,100
ds_propen_up,ds_propen_up,sales_forecast_textile_dsm,TABLE,nweeks_to_ini_soldes,int,Impala ODBC,100
ds_propen_up,ds_propen_up,sales_forecast_textile_dsm,TABLE,old_pvp_plz,float,Impala ODBC,100
ds_propen_up,ds_propen_up,sales_forecast_textile_dsm,TABLE,old_sale_u,int,Impala ODBC,100
ds_propen_up,ds_propen_up,sales_forecast_textile_dsm,TABLE,plaza_pricing,bigint,Impala ODBC,100
ds_propen_up,ds_propen_up,sales_forecast_textile_dsm,TABLE,pvp_value_plz,float,Impala ODBC,100
ds_propen_up,ds_propen_up,sales_forecast_textile_dsm,TABLE,rayonid,string,Impala ODBC,100
ds_propen_up,ds_propen_up,sales_forecast_textile_dsm,TABLE,sale_week,int,Impala ODBC,100
ds_propen_up,ds_propen_up,sales_forecast_textile_dsm,TABLE,soldes_nweek,int,Impala ODBC,100
ds_propen_up,ds_propen_up,sales_forecast_textile_dsm,TABLE,store_cost_price,double,Impala ODBC,100
ds_propen_up,ds_propen_up,sales_forecast_textile_dsm,TABLE,ts_insert_dlk,timestamp,Impala ODBC,100
ds_propen_up,ds_propen_up,sales_forecast_textile_dsm,TABLE,ts_update_dlk,timestamp,Impala ODBC,100
ds_propen_up,ds_propen_up,sales_forecast_textile_dsm,TABLE,user_insert_dlk,string,Impala ODBC,100
ds_propen_up,ds_propen_up,sales_forecast_textile_dsm,TABLE,user_update_dlk,string,Impala ODBC,100
ds_propen_up,ds_propen_up,sales_forecast_textile_dsm,TABLE,vat,double,Impala ODBC,100
ds_propen_up,ds_propen_up,sales_forecast_textile_dsm,TABLE,weeks_between_md,tinyint,Impala ODBC,100
ds_propen_up,ds_propen_up,sales_forecast_textile_dsm,TABLE,year,int,Impala ODBC,100
ds_propen_up,ds_propen_up,vtas_weekly_cm,TABLE,forecast_all_life,int,Impala ODBC,100
dsm_work,dsm_work,pascal_features_forecast,TABLE,#,Partition,Impala ODBC,100
dsm_work,dsm_work,pascal_features_forecast,TABLE,center_id,string,Impala ODBC,100
dsm_work,dsm_work,pascal_features_forecast,TABLE,day,int,Impala ODBC,100
dsm_work,dsm_work,pascal_features_forecast,TABLE,family_forecast_qty,double,Impala ODBC,100
dsm_work,dsm_work,pascal_features_forecast,TABLE,forecast_change,double,Impala ODBC,100
dsm_work,dsm_work,pascal_features_forecast,TABLE,forecast_family_change,double,Impala ODBC,100
dsm_work,dsm_work,pascal_features_forecast,TABLE,forecast_prev_day,double,Impala ODBC,100
dsm_work,dsm_work,pascal_features_forecast,TABLE,forecast_qty,double,Impala ODBC,100
dsm_work,dsm_work,pascal_features_forecast,TABLE,forecast_subfamily_change,double,Impala ODBC,100
dsm_work,dsm_work,pascal_features_forecast,TABLE,month,int,Impala ODBC,100
dsm_work,dsm_work,pascal_features_forecast,TABLE,prod_forecast_avg_error_last_week,double,Impala ODBC,100
dsm_work,dsm_work,pascal_features_forecast,TABLE,prod_forecast_var_error_last_week,double,Impala ODBC,100
dsm_work,dsm_work,pascal_features_forecast,TABLE,product_id,string,Impala ODBC,100
dsm_work,dsm_work,pascal_features_forecast,TABLE,product_vs_family_forecast_ratio,double,Impala ODBC,100
dsm_work,dsm_work,pascal_features_forecast,TABLE,product_vs_subfamily_forecast_ratio,double,Impala ODBC,100
dsm_work,dsm_work,pascal_features_forecast,TABLE,reporting_date,timestamp,Impala ODBC,100
dsm_work,dsm_work,pascal_features_forecast,TABLE,subfamily_forecast_qty,double,Impala ODBC,100
dsm_work,dsm_work,pascal_features_forecast,TABLE,ts_insert_dlk,timestamp,Impala ODBC,100
dsm_work,dsm_work,pascal_features_forecast,TABLE,ts_update_dlk,timestamp,Impala ODBC,100
dsm_work,dsm_work,pascal_features_forecast,TABLE,user_insert_dlk,string,Impala ODBC,100
dsm_work,dsm_work,pascal_features_forecast,TABLE,user_update_dlk,string,Impala ODBC,100
dsm_work,dsm_work,pascal_features_forecast,TABLE,year,int,Impala ODBC,100
dsm_work,dsm_work,pascal_join_dataset_evening,TABLE,family_forecast_qty,double,Impala ODBC,100
dsm_work,dsm_work,pascal_join_dataset_evening,TABLE,fap_cie_minus_forecast,double,Impala ODBC,100
dsm_work,dsm_work,pascal_join_dataset_evening,TABLE,forecast_by_fap_avg,double,Impala ODBC,100
dsm_work,dsm_work,pascal_join_dataset_evening,TABLE,forecast_by_fap_min,double,Impala ODBC,100
dsm_work,dsm_work,pascal_join_dataset_evening,TABLE,forecast_change,double,Impala ODBC,100
dsm_work,dsm_work,pascal_join_dataset_evening,TABLE,forecast_family_change,double,Impala ODBC,100
dsm_work,dsm_work,pascal_join_dataset_evening,TABLE,forecast_prev_day,double,Impala ODBC,100
dsm_work,dsm_work,pascal_join_dataset_evening,TABLE,forecast_qty,double,Impala ODBC,100
dsm_work,dsm_work,pascal_join_dataset_evening,TABLE,forecast_subfamily_change,double,Impala ODBC,100
dsm_work,dsm_work,pascal_join_dataset_evening,TABLE,prod_forecast_avg_error_last_week,double,Impala ODBC,100
dsm_work,dsm_work,pascal_join_dataset_evening,TABLE,prod_forecast_var_error_last_week,double,Impala ODBC,100
dsm_work,dsm_work,pascal_join_dataset_evening,TABLE,product_vs_family_forecast_ratio,double,Impala ODBC,100
dsm_work,dsm_work,pascal_join_dataset_evening,TABLE,product_vs_subfamily_forecast_ratio,double,Impala ODBC,100
dsm_work,dsm_work,pascal_join_dataset_evening,TABLE,subfamily_forecast_qty,double,Impala ODBC,100
dsm_work,dsm_work,pascal_join_dataset_morning,TABLE,family_forecast_qty,double,Impala ODBC,100
dsm_work,dsm_work,pascal_join_dataset_morning,TABLE,fap_cie_minus_forecast,double,Impala ODBC,100
dsm_work,dsm_work,pascal_join_dataset_morning,TABLE,forecast_by_fap_avg,double,Impala ODBC,100
dsm_work,dsm_work,pascal_join_dataset_morning,TABLE,forecast_by_fap_min,double,Impala ODBC,100
dsm_work,dsm_work,pascal_join_dataset_morning,TABLE,forecast_change,double,Impala ODBC,100
dsm_work,dsm_work,pascal_join_dataset_morning,TABLE,forecast_family_change,double,Impala ODBC,100
dsm_work,dsm_work,pascal_join_dataset_morning,TABLE,forecast_prev_day,double,Impala ODBC,100
dsm_work,dsm_work,pascal_join_dataset_morning,TABLE,forecast_qty,double,Impala ODBC,100
dsm_work,dsm_work,pascal_join_dataset_morning,TABLE,forecast_subfamily_change,double,Impala ODBC,100
dsm_work,dsm_work,pascal_join_dataset_morning,TABLE,prod_forecast_avg_error_last_week,double,Impala ODBC,100
dsm_work,dsm_work,pascal_join_dataset_morning,TABLE,prod_forecast_var_error_last_week,double,Impala ODBC,100
dsm_work,dsm_work,pascal_join_dataset_morning,TABLE,product_vs_family_forecast_ratio,double,Impala ODBC,100
dsm_work,dsm_work,pascal_join_dataset_morning,TABLE,product_vs_subfamily_forecast_ratio,double,Impala ODBC,100
dsm_work,dsm_work,pascal_join_dataset_morning,TABLE,subfamily_forecast_qty,double,Impala ODBC,100
dsm_work,dsm_work,pascal_model_train_dataset_evening,TABLE,family_forecast_qty,double,Impala ODBC,100
dsm_work,dsm_work,pascal_model_train_dataset_evening,TABLE,fap_cie_minus_forecast,double,Impala ODBC,100
dsm_work,dsm_work,pascal_model_train_dataset_evening,TABLE,forecast_by_fap_avg,double,Impala ODBC,100
dsm_work,dsm_work,pascal_model_train_dataset_evening,TABLE,forecast_by_fap_min,double,Impala ODBC,100
dsm_work,dsm_work,pascal_model_train_dataset_evening,TABLE,forecast_change,double,Impala ODBC,100
dsm_work,dsm_work,pascal_model_train_dataset_evening,TABLE,forecast_family_change,double,Impala ODBC,100
dsm_work,dsm_work,pascal_model_train_dataset_evening,TABLE,forecast_prev_day,double,Impala ODBC,100
dsm_work,dsm_work,pascal_model_train_dataset_evening,TABLE,forecast_qty,double,Impala ODBC,100
dsm_work,dsm_work,pascal_model_train_dataset_evening,TABLE,forecast_subfamily_change,double,Impala ODBC,100
dsm_work,dsm_work,pascal_model_train_dataset_evening,TABLE,prod_forecast_avg_error_last_week,double,Impala ODBC,100
dsm_work,dsm_work,pascal_model_train_dataset_evening,TABLE,prod_forecast_var_error_last_week,double,Impala ODBC,100
dsm_work,dsm_work,pascal_model_train_dataset_evening,TABLE,product_vs_family_forecast_ratio,double,Impala ODBC,100
dsm_work,dsm_work,pascal_model_train_dataset_evening,TABLE,product_vs_subfamily_forecast_ratio,double,Impala ODBC,100
dsm_work,dsm_work,pascal_model_train_dataset_evening,TABLE,subfamily_forecast_qty,double,Impala ODBC,100
dsm_work,dsm_work,pascal_model_train_dataset_morning,TABLE,family_forecast_qty,double,Impala ODBC,100
dsm_work,dsm_work,pascal_model_train_dataset_morning,TABLE,fap_cie_minus_forecast,double,Impala ODBC,100
dsm_work,dsm_work,pascal_model_train_dataset_morning,TABLE,forecast_by_fap_avg,double,Impala ODBC,100
dsm_work,dsm_work,pascal_model_train_dataset_morning,TABLE,forecast_by_fap_min,double,Impala ODBC,100
dsm_work,dsm_work,pascal_model_train_dataset_morning,TABLE,forecast_change,double,Impala ODBC,100
dsm_work,dsm_work,pascal_model_train_dataset_morning,TABLE,forecast_family_change,double,Impala ODBC,100
dsm_work,dsm_work,pascal_model_train_dataset_morning,TABLE,forecast_prev_day,double,Impala ODBC,100
dsm_work,dsm_work,pascal_model_train_dataset_morning,TABLE,forecast_qty,double,Impala ODBC,100
dsm_work,dsm_work,pascal_model_train_dataset_morning,TABLE,forecast_subfamily_change,double,Impala ODBC,100
dsm_work,dsm_work,pascal_model_train_dataset_morning,TABLE,prod_forecast_avg_error_last_week,double,Impala ODBC,100
dsm_work,dsm_work,pascal_model_train_dataset_morning,TABLE,prod_forecast_var_error_last_week,double,Impala ODBC,100
dsm_work,dsm_work,pascal_model_train_dataset_morning,TABLE,product_vs_family_forecast_ratio,double,Impala ODBC,100
dsm_work,dsm_work,pascal_model_train_dataset_morning,TABLE,product_vs_subfamily_forecast_ratio,double,Impala ODBC,100
dsm_work,dsm_work,pascal_model_train_dataset_morning,TABLE,subfamily_forecast_qty,double,Impala ODBC,100
dsm_work,dsm_work,pascal_process_forecast,TABLE,#,Partition,Impala ODBC,100
dsm_work,dsm_work,pascal_process_forecast,TABLE,center_id,string,Impala ODBC,100
dsm_work,dsm_work,pascal_process_forecast,TABLE,day,int,Impala ODBC,100
dsm_work,dsm_work,pascal_process_forecast,TABLE,family_id,string,Impala ODBC,100
dsm_work,dsm_work,pascal_process_forecast,TABLE,forecast_qty,double,Impala ODBC,100
dsm_work,dsm_work,pascal_process_forecast,TABLE,month,int,Impala ODBC,100
dsm_work,dsm_work,pascal_process_forecast,TABLE,product_id,string,Impala ODBC,100
dsm_work,dsm_work,pascal_process_forecast,TABLE,reporting_date,timestamp,Impala ODBC,100
dsm_work,dsm_work,pascal_process_forecast,TABLE,subfamily_id,string,Impala ODBC,100
dsm_work,dsm_work,pascal_process_forecast,TABLE,ts_insert_dlk,timestamp,Impala ODBC,100
dsm_work,dsm_work,pascal_process_forecast,TABLE,ts_update_dlk,timestamp,Impala ODBC,100
dsm_work,dsm_work,pascal_process_forecast,TABLE,user_insert_dlk,string,Impala ODBC,100
dsm_work,dsm_work,pascal_process_forecast,TABLE,user_update_dlk,string,Impala ODBC,100
dsm_work,dsm_work,pascal_process_forecast,TABLE,year,int,Impala ODBC,100
finance_user,finance_user,vg_forecast_sales,TABLE,#,Partition,Impala ODBC,100
finance_user,finance_user,vg_forecast_sales,TABLE,center_id,string,Impala ODBC,100
finance_user,finance_user,vg_forecast_sales,TABLE,consolidated_sales,double,Impala ODBC,100
finance_user,finance_user,vg_forecast_sales,TABLE,consolidated_sales_without_setting_zero,double,Impala ODBC,100
finance_user,finance_user,vg_forecast_sales,TABLE,day,int,Impala ODBC,100
finance_user,finance_user,vg_forecast_sales,TABLE,menos_venta_1,double,Impala ODBC,100
finance_user,finance_user,vg_forecast_sales,TABLE,menos_venta_2,double,Impala ODBC,100
finance_user,finance_user,vg_forecast_sales,TABLE,month,int,Impala ODBC,100
finance_user,finance_user,vg_forecast_sales,TABLE,proforma_sales,double,Impala ODBC,100
finance_user,finance_user,vg_forecast_sales,TABLE,proforma_sales_without_setting_zero,double,Impala ODBC,100
finance_user,finance_user,vg_forecast_sales,TABLE,sales_date,int,Impala ODBC,100
finance_user,finance_user,vg_forecast_sales,TABLE,section_id,string,Impala ODBC,100
finance_user,finance_user,vg_forecast_sales,TABLE,ts_insert_dlk,timestamp,Impala ODBC,100
finance_user,finance_user,vg_forecast_sales,TABLE,ts_update_dlk,timestamp,Impala ODBC,100
finance_user,finance_user,vg_forecast_sales,TABLE,user_insert_dlk,string,Impala ODBC,100
finance_user,finance_user,vg_forecast_sales,TABLE,user_update_dlk,string,Impala ODBC,100
finance_user,finance_user,vg_forecast_sales,TABLE,year,int,Impala ODBC,100
forecast_last,forecast_last,forecast_deviation_seasonal_rate,TABLE,alarm,double,Impala ODBC,100
forecast_last,forecast_last,forecast_deviation_seasonal_rate,TABLE,execution_date,timestamp,Impala ODBC,100
forecast_last,forecast_last,forecast_deviation_seasonal_rate,TABLE,family,string,Impala ODBC,100
forecast_last,forecast_last,forecast_deviation_seasonal_rate,TABLE,family_excluded,string,Impala ODBC,100
forecast_last,forecast_last,forecast_deviation_seasonal_rate,TABLE,family_group,string,Impala ODBC,100
forecast_last,forecast_last,forecast_deviation_seasonal_rate,TABLE,historic_deviation,double,Impala ODBC,100
forecast_last,forecast_last,forecast_deviation_seasonal_rate,TABLE,id_profile,string,Impala ODBC,100
forecast_last,forecast_last,forecast_deviation_seasonal_rate,TABLE,matnr,string,Impala ODBC,100
forecast_last,forecast_last,forecast_deviation_seasonal_rate,TABLE,profile_vtext,string,Impala ODBC,100
forecast_last,forecast_last,forecast_deviation_seasonal_rate,TABLE,real_average,double,Impala ODBC,100
forecast_last,forecast_last,forecast_deviation_seasonal_rate,TABLE,real_deviation_n_minus1,double,Impala ODBC,100
forecast_last,forecast_last,forecast_deviation_seasonal_rate,TABLE,real_deviation_n_minus2,double,Impala ODBC,100
forecast_last,forecast_last,forecast_deviation_seasonal_rate,TABLE,seasonal_mark_vtext,string,Impala ODBC,100
forecast_last,forecast_last,forecast_deviation_seasonal_rate,TABLE,seasonal_rate_average,double,Impala ODBC,100
forecast_last,forecast_last,forecast_deviation_seasonal_rate,TABLE,seasonal_rate_deviation_n_minus1,double,Impala ODBC,100
forecast_last,forecast_last,forecast_deviation_seasonal_rate,TABLE,seasonal_rate_deviation_n_minus2,double,Impala ODBC,100
forecast_last,forecast_last,forecast_deviation_seasonal_rate,TABLE,seasonal_rate_week_n,double,Impala ODBC,100
forecast_last,forecast_last,forecast_deviation_seasonal_rate,TABLE,seasonal_rate_week_n_minus1,double,Impala ODBC,100
forecast_last,forecast_last,forecast_deviation_seasonal_rate,TABLE,seasonal_rate_week_n_minus2,double,Impala ODBC,100
forecast_last,forecast_last,forecast_deviation_seasonal_rate,TABLE,seasonal_rate_week_n_minus3,double,Impala ODBC,100
forecast_last,forecast_last,forecast_deviation_seasonal_rate,TABLE,seasonal_rate_week_n_plus1,double,Impala ODBC,100
forecast_last,forecast_last,forecast_deviation_seasonal_rate,TABLE,section,string,Impala ODBC,100
forecast_last,forecast_last,forecast_deviation_seasonal_rate,TABLE,sector,string,Impala ODBC,100
forecast_last,forecast_last,forecast_deviation_seasonal_rate,TABLE,subfamily,string,Impala ODBC,100
forecast_last,forecast_last,forecast_deviation_seasonal_rate,TABLE,subfamily_excluded,string,Impala ODBC,100
forecast_last,forecast_last,forecast_deviation_seasonal_rate,TABLE,ts_insert_dlk,timestamp,Impala ODBC,100
forecast_last,forecast_last,forecast_deviation_seasonal_rate,TABLE,ts_update_dlk,timestamp,Impala ODBC,100
forecast_last,forecast_last,forecast_deviation_seasonal_rate,TABLE,user_insert_dlk,string,Impala ODBC,100
forecast_last,forecast_last,forecast_deviation_seasonal_rate,TABLE,user_update_dlk,string,Impala ODBC,100
forecast_last,forecast_last,forecast_deviation_seasonal_rate,TABLE,vtweg,string,Impala ODBC,100
forecast_last,forecast_last,forecast_deviation_seasonal_rate,TABLE,week_n,int,Impala ODBC,100
forecast_last,forecast_last,forecast_deviation_seasonal_rate,TABLE,week_n_minus1,int,Impala ODBC,100
forecast_last,forecast_last,forecast_deviation_seasonal_rate,TABLE,week_n_minus1_year_calculate_sales,double,Impala ODBC,100
forecast_last,forecast_last,forecast_deviation_seasonal_rate,TABLE,week_n_minus1_year_mirror_sales,double,Impala ODBC,100
forecast_last,forecast_last,forecast_deviation_seasonal_rate,TABLE,week_n_minus2,int,Impala ODBC,100
forecast_last,forecast_last,forecast_deviation_seasonal_rate,TABLE,week_n_minus2_year_calculate_sales,double,Impala ODBC,100
forecast_last,forecast_last,forecast_deviation_seasonal_rate,TABLE,week_n_minus3,int,Impala ODBC,100
forecast_last,forecast_last,forecast_deviation_seasonal_rate,TABLE,week_n_minus3_year_calculate_sales,double,Impala ODBC,100
forecast_last,forecast_last,forecast_deviation_seasonal_rate,TABLE,werks,string,Impala ODBC,100
forecast_last,forecast_last,forecast_deviation_seasonal_rate,TABLE,year_calculate,int,Impala ODBC,100
forecast_last,forecast_last,forecast_deviation_seasonal_rate,TABLE,year_mirror,int,Impala ODBC,100
forecast_last,forecast_last,forecast_promotional_index,TABLE,end_date_promo,timestamp,Impala ODBC,100
forecast_last,forecast_last,forecast_promotional_index,TABLE,end_date_stretch,timestamp,Impala ODBC,100
forecast_last,forecast_last,forecast_promotional_index,TABLE,global_promotional_index,double,Impala ODBC,100
forecast_last,forecast_last,forecast_promotional_index,TABLE,id_mechanics,string,Impala ODBC,100
forecast_last,forecast_last,forecast_promotional_index,TABLE,id_promo,string,Impala ODBC,100
forecast_last,forecast_last,forecast_promotional_index,TABLE,id_stretch,int,Impala ODBC,100
forecast_last,forecast_last,forecast_promotional_index,TABLE,matnr,string,Impala ODBC,100
forecast_last,forecast_last,forecast_promotional_index,TABLE,promotional_index,double,Impala ODBC,100
forecast_last,forecast_last,forecast_promotional_index,TABLE,start_date_promo,timestamp,Impala ODBC,100
forecast_last,forecast_last,forecast_promotional_index,TABLE,start_date_stretch,timestamp,Impala ODBC,100
forecast_last,forecast_last,forecast_promotional_index,TABLE,ts_insert_dlk,timestamp,Impala ODBC,100
forecast_last,forecast_last,forecast_promotional_index,TABLE,ts_update_dlk,timestamp,Impala ODBC,100
forecast_last,forecast_last,forecast_promotional_index,TABLE,user_insert_dlk,string,Impala ODBC,100
forecast_last,forecast_last,forecast_promotional_index,TABLE,user_update_dlk,string,Impala ODBC,100
forecast_last,forecast_last,forecast_promotional_index,TABLE,werks,string,Impala ODBC,100
forecast_last,forecast_last,forecast_rates_arbitrary_c4model,TABLE,arbitrary_rate,double,Impala ODBC,100
forecast_last,forecast_last,forecast_rates_arbitrary_c4model,TABLE,date_sale,timestamp,Impala ODBC,100
forecast_last,forecast_last,forecast_rates_arbitrary_c4model,TABLE,matnr,string,Impala ODBC,100
forecast_last,forecast_last,forecast_rates_arbitrary_c4model,TABLE,ts_insert_dlk,timestamp,Impala ODBC,100
forecast_last,forecast_last,forecast_rates_arbitrary_c4model,TABLE,ts_update_dlk,timestamp,Impala ODBC,100
forecast_last,forecast_last,forecast_rates_arbitrary_c4model,TABLE,user_insert_dlk,string,Impala ODBC,100
forecast_last,forecast_last,forecast_rates_arbitrary_c4model,TABLE,user_update_dlk,string,Impala ODBC,100
forecast_last,forecast_last,forecast_rates_arbitrary_c4model,TABLE,werks,string,Impala ODBC,100
forecast_last,forecast_last,forecast_rates_averagesale_c4model,TABLE,average_sale_rate,double,Impala ODBC,100
forecast_last,forecast_last,forecast_rates_averagesale_c4model,TABLE,date_sale,timestamp,Impala ODBC,100
forecast_last,forecast_last,forecast_rates_averagesale_c4model,TABLE,matnr,string,Impala ODBC,100
forecast_last,forecast_last,forecast_rates_averagesale_c4model,TABLE,model_type,int,Impala ODBC,100
forecast_last,forecast_last,forecast_rates_averagesale_c4model,TABLE,ts_insert_dlk,timestamp,Impala ODBC,100
forecast_last,forecast_last,forecast_rates_averagesale_c4model,TABLE,ts_update_dlk,timestamp,Impala ODBC,100
forecast_last,forecast_last,forecast_rates_averagesale_c4model,TABLE,user_insert_dlk,string,Impala ODBC,100
forecast_last,forecast_last,forecast_rates_averagesale_c4model,TABLE,user_update_dlk,string,Impala ODBC,100
forecast_last,forecast_last,forecast_rates_averagesale_c4model,TABLE,werks,string,Impala ODBC,100
forecast_last,forecast_last,forecast_rates_daily_c4model,TABLE,daily_rate,double,Impala ODBC,100
forecast_last,forecast_last,forecast_rates_daily_c4model,TABLE,date_sale,timestamp,Impala ODBC,100
forecast_last,forecast_last,forecast_rates_daily_c4model,TABLE,matnr,string,Impala ODBC,100
forecast_last,forecast_last,forecast_rates_daily_c4model,TABLE,ts_insert_dlk,timestamp,Impala ODBC,100
forecast_last,forecast_last,forecast_rates_daily_c4model,TABLE,ts_update_dlk,timestamp,Impala ODBC,100
forecast_last,forecast_last,forecast_rates_daily_c4model,TABLE,user_insert_dlk,string,Impala ODBC,100
forecast_last,forecast_last,forecast_rates_daily_c4model,TABLE,user_update_dlk,string,Impala ODBC,100
forecast_last,forecast_last,forecast_rates_daily_c4model,TABLE,werks,string,Impala ODBC,100
forecast_last,forecast_last,forecast_rates_seasonal_c4model,TABLE,date_sale,timestamp,Impala ODBC,100
forecast_last,forecast_last,forecast_rates_seasonal_c4model,TABLE,matnr,string,Impala ODBC,100
forecast_last,forecast_last,forecast_rates_seasonal_c4model,TABLE,seasonal_rate,double,Impala ODBC,100
forecast_last,forecast_last,forecast_rates_seasonal_c4model,TABLE,ts_insert_dlk,timestamp,Impala ODBC,100
forecast_last,forecast_last,forecast_rates_seasonal_c4model,TABLE,ts_update_dlk,timestamp,Impala ODBC,100
forecast_last,forecast_last,forecast_rates_seasonal_c4model,TABLE,user_insert_dlk,string,Impala ODBC,100
forecast_last,forecast_last,forecast_rates_seasonal_c4model,TABLE,user_update_dlk,string,Impala ODBC,100
forecast_last,forecast_last,forecast_rates_seasonal_c4model,TABLE,werks,string,Impala ODBC,100
forecast_last,forecast_last,forecast_sales_platform,TABLE,date_sale,timestamp,Impala ODBC,100
forecast_last,forecast_last,forecast_sales_platform,TABLE,matnr,string,Impala ODBC,100
forecast_last,forecast_last,forecast_sales_platform,TABLE,regular_sales_forecast,double,Impala ODBC,100
forecast_last,forecast_last,forecast_sales_platform,TABLE,ts_insert_dlk,timestamp,Impala ODBC,100
forecast_last,forecast_last,forecast_sales_platform,TABLE,ts_update_dlk,timestamp,Impala ODBC,100
forecast_last,forecast_last,forecast_sales_platform,TABLE,unit_measure,string,Impala ODBC,100
forecast_last,forecast_last,forecast_sales_platform,TABLE,user_insert_dlk,string,Impala ODBC,100
forecast_last,forecast_last,forecast_sales_platform,TABLE,user_update_dlk,string,Impala ODBC,100
forecast_last,forecast_last,forecast_sales_platform,TABLE,werks,string,Impala ODBC,100
forecast_last,forecast_last,forecast_sales_regular_final,TABLE,data_source,string,Impala ODBC,100
forecast_last,forecast_last,forecast_sales_regular_final,TABLE,date_sale,timestamp,Impala ODBC,100
forecast_last,forecast_last,forecast_sales_regular_final,TABLE,matnr,string,Impala ODBC,100
forecast_last,forecast_last,forecast_sales_regular_final,TABLE,model_type,smallint,Impala ODBC,100
forecast_last,forecast_last,forecast_sales_regular_final,TABLE,regular_sales_forecast,double,Impala ODBC,100
forecast_last,forecast_last,forecast_sales_regular_final,TABLE,ts_insert_dlk,timestamp,Impala ODBC,100
forecast_last,forecast_last,forecast_sales_regular_final,TABLE,ts_update_dlk,timestamp,Impala ODBC,100
forecast_last,forecast_last,forecast_sales_regular_final,TABLE,user_insert_dlk,string,Impala ODBC,100
forecast_last,forecast_last,forecast_sales_regular_final,TABLE,user_update_dlk,string,Impala ODBC,100
forecast_last,forecast_last,forecast_sales_regular_final,TABLE,werks,string,Impala ODBC,100
forecast_last,forecast_last,forecast_sales_regular_update,TABLE,data_source_regular,string,Impala ODBC,100
forecast_last,forecast_last,forecast_sales_regular_update,TABLE,date_sale,timestamp,Impala ODBC,100
forecast_last,forecast_last,forecast_sales_regular_update,TABLE,matnr,string,Impala ODBC,100
forecast_last,forecast_last,forecast_sales_regular_update,TABLE,model_type,smallint,Impala ODBC,100
forecast_last,forecast_last,forecast_sales_regular_update,TABLE,regular_sales_forecast,double,Impala ODBC,100
forecast_last,forecast_last,forecast_sales_regular_update,TABLE,regular_sales_forecast_bef_deriv,double,Impala ODBC,100
forecast_last,forecast_last,forecast_sales_regular_update,TABLE,ts_insert_dlk,timestamp,Impala ODBC,100
forecast_last,forecast_last,forecast_sales_regular_update,TABLE,ts_update_dlk,timestamp,Impala ODBC,100
forecast_last,forecast_last,forecast_sales_regular_update,TABLE,user_insert_dlk,string,Impala ODBC,100
forecast_last,forecast_last,forecast_sales_regular_update,TABLE,user_update_dlk,string,Impala ODBC,100
forecast_last,forecast_last,forecast_sales_regular_update,TABLE,werks,string,Impala ODBC,100
forecast_last,forecast_last,pareto_forecast_br_promo_dsm,TABLE,fecha,timestamp,Impala ODBC,100
forecast_last,forecast_last,pareto_forecast_br_promo_dsm,TABLE,id_mechanics,string,Impala ODBC,100
forecast_last,forecast_last,pareto_forecast_br_promo_dsm,TABLE,id_promo,string,Impala ODBC,100
forecast_last,forecast_last,pareto_forecast_br_promo_dsm,TABLE,matnr,string,Impala ODBC,100
forecast_last,forecast_last,pareto_forecast_br_promo_dsm,TABLE,prediction,double,Impala ODBC,100
forecast_last,forecast_last,pareto_forecast_br_promo_dsm,TABLE,ts_insert_dlk,timestamp,Impala ODBC,100
forecast_last,forecast_last,pareto_forecast_br_promo_dsm,TABLE,ts_update_dlk,timestamp,Impala ODBC,100
forecast_last,forecast_last,pareto_forecast_br_promo_dsm,TABLE,user_insert_dlk,string,Impala ODBC,100
forecast_last,forecast_last,pareto_forecast_br_promo_dsm,TABLE,user_update_dlk,string,Impala ODBC,100
forecast_last,forecast_last,pareto_forecast_br_promo_dsm,TABLE,werks,string,Impala ODBC,100
forecast_last,forecast_last,supply_deviations,TABLE,previous_week_forecast,double,Impala ODBC,100
forecast_last,forecast_last,supply_deviations,TABLE,regular_sales_forecast_m00,double,Impala ODBC,100
forecast_last,forecast_last,supply_deviations,TABLE,regular_sales_forecast_m01,double,Impala ODBC,100
forecast_last,forecast_last,supply_deviations,TABLE,regular_sales_forecast_m02,double,Impala ODBC,100
forecast_last,forecast_last,supply_deviations,TABLE,regular_sales_forecast_m03,double,Impala ODBC,100
forecast_last,forecast_last,supply_deviations,TABLE,regular_sales_forecast_m04,double,Impala ODBC,100
forecast_last,forecast_last,supply_deviations,TABLE,regular_sales_forecast_m05,double,Impala ODBC,100
forecast_last,forecast_last,supply_deviations,TABLE,regular_sales_forecast_m06,double,Impala ODBC,100
forecast_last,forecast_last,supply_deviations,TABLE,regular_sales_forecast_n01,double,Impala ODBC,100
forecast_last,forecast_last,supply_deviations,TABLE,regular_sales_forecast_n02,double,Impala ODBC,100
forecast_last,forecast_last,supply_deviations,TABLE,regular_sales_forecast_n03,double,Impala ODBC,100
forecast_last,forecast_last,supply_deviations,TABLE,regular_sales_forecast_n04,double,Impala ODBC,100
forecast_last,forecast_last,supply_deviations,TABLE,regular_sales_forecast_n05,double,Impala ODBC,100
forecast_last,forecast_last,supply_deviations,TABLE,regular_sales_forecast_n06,double,Impala ODBC,100
forecast_last,forecast_last,supply_deviations,TABLE,regular_sales_forecast_n07,double,Impala ODBC,100
forecast_last,forecast_last,supply_deviations,TABLE,regular_week_forecast,double,Impala ODBC,100
forecast_raw,forecast_raw,forecast_imposition_ingestion,TABLE,#,Partition,Impala ODBC,100
forecast_raw,forecast_raw,forecast_imposition_ingestion,TABLE,date_from,timestamp,Impala ODBC,100
forecast_raw,forecast_raw,forecast_imposition_ingestion,TABLE,day,int,Impala ODBC,100
forecast_raw,forecast_raw,forecast_imposition_ingestion,TABLE,matnr,string,Impala ODBC,100
forecast_raw,forecast_raw,forecast_imposition_ingestion,TABLE,month,int,Impala ODBC,100
forecast_raw,forecast_raw,forecast_imposition_ingestion,TABLE,ts_insert_dlk,timestamp,Impala ODBC,100
forecast_raw,forecast_raw,forecast_imposition_ingestion,TABLE,ts_update_dlk,timestamp,Impala ODBC,100
forecast_raw,forecast_raw,forecast_imposition_ingestion,TABLE,user_insert_dlk,string,Impala ODBC,100
forecast_raw,forecast_raw,forecast_imposition_ingestion,TABLE,user_update_dlk,string,Impala ODBC,100
forecast_raw,forecast_raw,forecast_imposition_ingestion,TABLE,vtweg,string,Impala ODBC,100
forecast_raw,forecast_raw,forecast_imposition_ingestion,TABLE,week1,float,Impala ODBC,100
forecast_raw,forecast_raw,forecast_imposition_ingestion,TABLE,week2,float,Impala ODBC,100
forecast_raw,forecast_raw,forecast_imposition_ingestion,TABLE,week3,float,Impala ODBC,100
forecast_raw,forecast_raw,forecast_imposition_ingestion,TABLE,week4,float,Impala ODBC,100
forecast_raw,forecast_raw,forecast_imposition_ingestion,TABLE,werks,string,Impala ODBC,100
forecast_raw,forecast_raw,forecast_imposition_ingestion,TABLE,year,int,Impala ODBC,100
forecast_raw,forecast_raw,forecast_ip_ingestion,TABLE,#,Partition,Impala ODBC,100
forecast_raw,forecast_raw,forecast_ip_ingestion,TABLE,day,int,Impala ODBC,100
forecast_raw,forecast_raw,forecast_ip_ingestion,TABLE,end_date,timestamp,Impala ODBC,100
forecast_raw,forecast_raw,forecast_ip_ingestion,TABLE,family,string,Impala ODBC,100
forecast_raw,forecast_raw,forecast_ip_ingestion,TABLE,family_group,string,Impala ODBC,100
forecast_raw,forecast_raw,forecast_ip_ingestion,TABLE,id_promo,string,Impala ODBC,100
forecast_raw,forecast_raw,forecast_ip_ingestion,TABLE,init_date,timestamp,Impala ODBC,100
forecast_raw,forecast_raw,forecast_ip_ingestion,TABLE,ip,double,Impala ODBC,100
forecast_raw,forecast_raw,forecast_ip_ingestion,TABLE,matnr,string,Impala ODBC,100
forecast_raw,forecast_raw,forecast_ip_ingestion,TABLE,month,int,Impala ODBC,100
forecast_raw,forecast_raw,forecast_ip_ingestion,TABLE,section,string,Impala ODBC,100
forecast_raw,forecast_raw,forecast_ip_ingestion,TABLE,sector,string,Impala ODBC,100
forecast_raw,forecast_raw,forecast_ip_ingestion,TABLE,subfamily,string,Impala ODBC,100
forecast_raw,forecast_raw,forecast_ip_ingestion,TABLE,ts_insert_dlk,timestamp,Impala ODBC,100
forecast_raw,forecast_raw,forecast_ip_ingestion,TABLE,ts_update_dlk,timestamp,Impala ODBC,100
forecast_raw,forecast_raw,forecast_ip_ingestion,TABLE,user_insert_dlk,string,Impala ODBC,100
forecast_raw,forecast_raw,forecast_ip_ingestion,TABLE,user_update_dlk,string,Impala ODBC,100
forecast_raw,forecast_raw,forecast_ip_ingestion,TABLE,vtweg,string,Impala ODBC,100
forecast_raw,forecast_raw,forecast_ip_ingestion,TABLE,werks,string,Impala ODBC,100
forecast_raw,forecast_raw,forecast_ip_ingestion,TABLE,year,int,Impala ODBC,100
forecast_raw,forecast_raw,promotional_forecast_imposition_ingestion,TABLE,#,Partition,Impala ODBC,100
forecast_raw,forecast_raw,promotional_forecast_imposition_ingestion,TABLE,date_from,timestamp,Impala ODBC,100
forecast_raw,forecast_raw,promotional_forecast_imposition_ingestion,TABLE,day,int,Impala ODBC,100
forecast_raw,forecast_raw,promotional_forecast_imposition_ingestion,TABLE,end_date_promo,timestamp,Impala ODBC,100
forecast_raw,forecast_raw,promotional_forecast_imposition_ingestion,TABLE,id_mechanics,string,Impala ODBC,100
forecast_raw,forecast_raw,promotional_forecast_imposition_ingestion,TABLE,id_promo,string,Impala ODBC,100
forecast_raw,forecast_raw,promotional_forecast_imposition_ingestion,TABLE,imposed_promo_forecast,float,Impala ODBC,100
forecast_raw,forecast_raw,promotional_forecast_imposition_ingestion,TABLE,matnr,string,Impala ODBC,100
forecast_raw,forecast_raw,promotional_forecast_imposition_ingestion,TABLE,month,int,Impala ODBC,100
forecast_raw,forecast_raw,promotional_forecast_imposition_ingestion,TABLE,ts_insert_dlk,timestamp,Impala ODBC,100
forecast_raw,forecast_raw,promotional_forecast_imposition_ingestion,TABLE,ts_update_dlk,timestamp,Impala ODBC,100
forecast_raw,forecast_raw,promotional_forecast_imposition_ingestion,TABLE,user_insert_dlk,string,Impala ODBC,100
forecast_raw,forecast_raw,promotional_forecast_imposition_ingestion,TABLE,user_update_dlk,string,Impala ODBC,100
forecast_raw,forecast_raw,promotional_forecast_imposition_ingestion,TABLE,vtweg,string,Impala ODBC,100
forecast_raw,forecast_raw,promotional_forecast_imposition_ingestion,TABLE,werks,string,Impala ODBC,100
forecast_raw,forecast_raw,promotional_forecast_imposition_ingestion,TABLE,year,int,Impala ODBC,100
forecast_stream,forecast_stream,forecast_equivalence_weeks,TABLE,created_by,string,Impala ODBC,100
forecast_stream,forecast_stream,forecast_equivalence_weeks,TABLE,creation_date,timestamp,Impala ODBC,100
forecast_stream,forecast_stream,forecast_equivalence_weeks,TABLE,ts_insert_dlk,timestamp,Impala ODBC,100
forecast_stream,forecast_stream,forecast_equivalence_weeks,TABLE,ts_update_dlk,timestamp,Impala ODBC,100
forecast_stream,forecast_stream,forecast_equivalence_weeks,TABLE,update_date,timestamp,Impala ODBC,100
forecast_stream,forecast_stream,forecast_equivalence_weeks,TABLE,updated_by,string,Impala ODBC,100
forecast_stream,forecast_stream,forecast_equivalence_weeks,TABLE,user_insert_dlk,string,Impala ODBC,100
forecast_stream,forecast_stream,forecast_equivalence_weeks,TABLE,user_update_dlk,string,Impala ODBC,100
forecast_stream,forecast_stream,forecast_equivalence_weeks,TABLE,week_calculate,int,Impala ODBC,100
forecast_stream,forecast_stream,forecast_equivalence_weeks,TABLE,week_mirror,int,Impala ODBC,100
forecast_stream,forecast_stream,forecast_equivalence_weeks,TABLE,year_calculate,int,Impala ODBC,100
forecast_stream,forecast_stream,forecast_equivalence_weeks,TABLE,year_mirror,int,Impala ODBC,100
forecast_stream,forecast_stream,forecast_replication_management,TABLE,current_year_calculate,int,Impala ODBC,100
forecast_stream,forecast_stream,forecast_replication_management,TABLE,current_year_mirror,int,Impala ODBC,100
forecast_stream,forecast_stream,forecast_replication_management,TABLE,id,int,Impala ODBC,100
forecast_stream,forecast_stream,forecast_replication_management,TABLE,new_year_calculate,int,Impala ODBC,100
forecast_stream,forecast_stream,forecast_replication_management,TABLE,new_year_mirror,int,Impala ODBC,100
forecast_user,forecast_user,forecast_alt_features,TABLE,#,Partition,Impala ODBC,100
forecast_user,forecast_user,forecast_alt_features,TABLE,date_sale,timestamp,Impala ODBC,100
forecast_user,forecast_user,forecast_alt_features,TABLE,day,int,Impala ODBC,100
forecast_user,forecast_user,forecast_alt_features,TABLE,feature_0,double,Impala ODBC,100
forecast_user,forecast_user,forecast_alt_features,TABLE,feature_1,double,Impala ODBC,100
forecast_user,forecast_user,forecast_alt_features,TABLE,feature_10,double,Impala ODBC,100
forecast_user,forecast_user,forecast_alt_features,TABLE,feature_11,double,Impala ODBC,100
forecast_user,forecast_user,forecast_alt_features,TABLE,feature_12,double,Impala ODBC,100
forecast_user,forecast_user,forecast_alt_features,TABLE,feature_13,double,Impala ODBC,100
forecast_user,forecast_user,forecast_alt_features,TABLE,feature_14,double,Impala ODBC,100
forecast_user,forecast_user,forecast_alt_features,TABLE,feature_15,double,Impala ODBC,100
forecast_user,forecast_user,forecast_alt_features,TABLE,feature_16,double,Impala ODBC,100
forecast_user,forecast_user,forecast_alt_features,TABLE,feature_17,double,Impala ODBC,100
forecast_user,forecast_user,forecast_alt_features,TABLE,feature_18,double,Impala ODBC,100
forecast_user,forecast_user,forecast_alt_features,TABLE,feature_19,double,Impala ODBC,100
forecast_user,forecast_user,forecast_alt_features,TABLE,feature_2,double,Impala ODBC,100
forecast_user,forecast_user,forecast_alt_features,TABLE,feature_20,double,Impala ODBC,100
forecast_user,forecast_user,forecast_alt_features,TABLE,feature_21,double,Impala ODBC,100
forecast_user,forecast_user,forecast_alt_features,TABLE,feature_22,double,Impala ODBC,100
forecast_user,forecast_user,forecast_alt_features,TABLE,feature_23,double,Impala ODBC,100
forecast_user,forecast_user,forecast_alt_features,TABLE,feature_24,double,Impala ODBC,100
forecast_user,forecast_user,forecast_alt_features,TABLE,feature_25,double,Impala ODBC,100
forecast_user,forecast_user,forecast_alt_features,TABLE,feature_26,double,Impala ODBC,100
forecast_user,forecast_user,forecast_alt_features,TABLE,feature_27,double,Impala ODBC,100
forecast_user,forecast_user,forecast_alt_features,TABLE,feature_28,double,Impala ODBC,100
forecast_user,forecast_user,forecast_alt_features,TABLE,feature_29,double,Impala ODBC,100
forecast_user,forecast_user,forecast_alt_features,TABLE,feature_3,double,Impala ODBC,100
forecast_user,forecast_user,forecast_alt_features,TABLE,feature_30,double,Impala ODBC,100
forecast_user,forecast_user,forecast_alt_features,TABLE,feature_31,double,Impala ODBC,100
forecast_user,forecast_user,forecast_alt_features,TABLE,feature_32,double,Impala ODBC,100
forecast_user,forecast_user,forecast_alt_features,TABLE,feature_33,double,Impala ODBC,100
forecast_user,forecast_user,forecast_alt_features,TABLE,feature_34,double,Impala ODBC,100
forecast_user,forecast_user,forecast_alt_features,TABLE,feature_35,double,Impala ODBC,100
forecast_user,forecast_user,forecast_alt_features,TABLE,feature_36,double,Impala ODBC,100
forecast_user,forecast_user,forecast_alt_features,TABLE,feature_37,double,Impala ODBC,100
forecast_user,forecast_user,forecast_alt_features,TABLE,feature_38,double,Impala ODBC,100
forecast_user,forecast_user,forecast_alt_features,TABLE,feature_4,double,Impala ODBC,100
forecast_user,forecast_user,forecast_alt_features,TABLE,feature_5,double,Impala ODBC,100
forecast_user,forecast_user,forecast_alt_features,TABLE,feature_6,double,Impala ODBC,100
forecast_user,forecast_user,forecast_alt_features,TABLE,feature_7,double,Impala ODBC,100
forecast_user,forecast_user,forecast_alt_features,TABLE,feature_8,double,Impala ODBC,100
forecast_user,forecast_user,forecast_alt_features,TABLE,feature_9,double,Impala ODBC,100
forecast_user,forecast_user,forecast_alt_features,TABLE,matnr,string,Impala ODBC,100
forecast_user,forecast_user,forecast_alt_features,TABLE,month,int,Impala ODBC,100
forecast_user,forecast_user,forecast_alt_features,TABLE,total_articles,double,Impala ODBC,100
forecast_user,forecast_user,forecast_alt_features,TABLE,ts_insert_dlk,timestamp,Impala ODBC,100
forecast_user,forecast_user,forecast_alt_features,TABLE,ts_update_dlk,timestamp,Impala ODBC,100
forecast_user,forecast_user,forecast_alt_features,TABLE,user_insert_dlk,string,Impala ODBC,100
forecast_user,forecast_user,forecast_alt_features,TABLE,user_update_dlk,string,Impala ODBC,100
forecast_user,forecast_user,forecast_alt_features,TABLE,werks,string,Impala ODBC,100
forecast_user,forecast_user,forecast_alt_features,TABLE,year,int,Impala ODBC,100
forecast_user,forecast_user,forecast_alt_features_h,TABLE,#,Partition,Impala ODBC,100
forecast_user,forecast_user,forecast_alt_features_h,TABLE,date_sale,timestamp,Impala ODBC,100
forecast_user,forecast_user,forecast_alt_features_h,TABLE,day,int,Impala ODBC,100
forecast_user,forecast_user,forecast_alt_features_h,TABLE,feature_0,double,Impala ODBC,100
forecast_user,forecast_user,forecast_alt_features_h,TABLE,feature_1,double,Impala ODBC,100
forecast_user,forecast_user,forecast_alt_features_h,TABLE,feature_10,double,Impala ODBC,100
forecast_user,forecast_user,forecast_alt_features_h,TABLE,feature_11,double,Impala ODBC,100
forecast_user,forecast_user,forecast_alt_features_h,TABLE,feature_12,double,Impala ODBC,100
forecast_user,forecast_user,forecast_alt_features_h,TABLE,feature_13,double,Impala ODBC,100
forecast_user,forecast_user,forecast_alt_features_h,TABLE,feature_14,double,Impala ODBC,100
forecast_user,forecast_user,forecast_alt_features_h,TABLE,feature_15,double,Impala ODBC,100
forecast_user,forecast_user,forecast_alt_features_h,TABLE,feature_16,double,Impala ODBC,100
forecast_user,forecast_user,forecast_alt_features_h,TABLE,feature_17,double,Impala ODBC,100
forecast_user,forecast_user,forecast_alt_features_h,TABLE,feature_18,double,Impala ODBC,100
forecast_user,forecast_user,forecast_alt_features_h,TABLE,feature_19,double,Impala ODBC,100
forecast_user,forecast_user,forecast_alt_features_h,TABLE,feature_2,double,Impala ODBC,100
forecast_user,forecast_user,forecast_alt_features_h,TABLE,feature_20,double,Impala ODBC,100
forecast_user,forecast_user,forecast_alt_features_h,TABLE,feature_21,double,Impala ODBC,100
forecast_user,forecast_user,forecast_alt_features_h,TABLE,feature_22,double,Impala ODBC,100
forecast_user,forecast_user,forecast_alt_features_h,TABLE,feature_23,double,Impala ODBC,100
forecast_user,forecast_user,forecast_alt_features_h,TABLE,feature_24,double,Impala ODBC,100
forecast_user,forecast_user,forecast_alt_features_h,TABLE,feature_25,double,Impala ODBC,100
forecast_user,forecast_user,forecast_alt_features_h,TABLE,feature_26,double,Impala ODBC,100
forecast_user,forecast_user,forecast_alt_features_h,TABLE,feature_27,double,Impala ODBC,100
forecast_user,forecast_user,forecast_alt_features_h,TABLE,feature_28,double,Impala ODBC,100
forecast_user,forecast_user,forecast_alt_features_h,TABLE,feature_29,double,Impala ODBC,100
forecast_user,forecast_user,forecast_alt_features_h,TABLE,feature_3,double,Impala ODBC,100
forecast_user,forecast_user,forecast_alt_features_h,TABLE,feature_30,double,Impala ODBC,100
forecast_user,forecast_user,forecast_alt_features_h,TABLE,feature_31,double,Impala ODBC,100
forecast_user,forecast_user,forecast_alt_features_h,TABLE,feature_32,double,Impala ODBC,100
forecast_user,forecast_user,forecast_alt_features_h,TABLE,feature_33,double,Impala ODBC,100
forecast_user,forecast_user,forecast_alt_features_h,TABLE,feature_34,double,Impala ODBC,100
forecast_user,forecast_user,forecast_alt_features_h,TABLE,feature_35,double,Impala ODBC,100
forecast_user,forecast_user,forecast_alt_features_h,TABLE,feature_36,double,Impala ODBC,100
forecast_user,forecast_user,forecast_alt_features_h,TABLE,feature_37,double,Impala ODBC,100
forecast_user,forecast_user,forecast_alt_features_h,TABLE,feature_38,double,Impala ODBC,100
forecast_user,forecast_user,forecast_alt_features_h,TABLE,feature_4,double,Impala ODBC,100
forecast_user,forecast_user,forecast_alt_features_h,TABLE,feature_5,double,Impala ODBC,100
forecast_user,forecast_user,forecast_alt_features_h,TABLE,feature_6,double,Impala ODBC,100
forecast_user,forecast_user,forecast_alt_features_h,TABLE,feature_7,double,Impala ODBC,100
forecast_user,forecast_user,forecast_alt_features_h,TABLE,feature_8,double,Impala ODBC,100
forecast_user,forecast_user,forecast_alt_features_h,TABLE,feature_9,double,Impala ODBC,100
forecast_user,forecast_user,forecast_alt_features_h,TABLE,matnr,string,Impala ODBC,100
forecast_user,forecast_user,forecast_alt_features_h,TABLE,month,int,Impala ODBC,100
forecast_user,forecast_user,forecast_alt_features_h,TABLE,total_articles,double,Impala ODBC,100
forecast_user,forecast_user,forecast_alt_features_h,TABLE,ts_insert_dlk,timestamp,Impala ODBC,100
forecast_user,forecast_user,forecast_alt_features_h,TABLE,ts_update_dlk,timestamp,Impala ODBC,100
forecast_user,forecast_user,forecast_alt_features_h,TABLE,user_insert_dlk,string,Impala ODBC,100
forecast_user,forecast_user,forecast_alt_features_h,TABLE,user_update_dlk,string,Impala ODBC,100
forecast_user,forecast_user,forecast_alt_features_h,TABLE,werks,string,Impala ODBC,100
forecast_user,forecast_user,forecast_alt_features_h,TABLE,year,int,Impala ODBC,100
forecast_user,forecast_user,forecast_alt_sales_prediction,TABLE,#,Partition,Impala ODBC,100
forecast_user,forecast_user,forecast_alt_sales_prediction,TABLE,date_sale,timestamp,Impala ODBC,100
forecast_user,forecast_user,forecast_alt_sales_prediction,TABLE,matnr,string,Impala ODBC,100
forecast_user,forecast_user,forecast_alt_sales_prediction,TABLE,sales_prediction,double,Impala ODBC,100
forecast_user,forecast_user,forecast_alt_sales_prediction,TABLE,ts_insert_dlk,timestamp,Impala ODBC,100
forecast_user,forecast_user,forecast_alt_sales_prediction,TABLE,ts_update_dlk,timestamp,Impala ODBC,100
forecast_user,forecast_user,forecast_alt_sales_prediction,TABLE,user_insert_dlk,string,Impala ODBC,100
forecast_user,forecast_user,forecast_alt_sales_prediction,TABLE,user_update_dlk,string,Impala ODBC,100
forecast_user,forecast_user,forecast_alt_sales_prediction,TABLE,werks,string,Impala ODBC,100
forecast_user,forecast_user,forecast_alt_sales_prediction_h,TABLE,#,Partition,Impala ODBC,100
forecast_user,forecast_user,forecast_alt_sales_prediction_h,TABLE,date_sale,timestamp,Impala ODBC,100
forecast_user,forecast_user,forecast_alt_sales_prediction_h,TABLE,day,int,Impala ODBC,100
forecast_user,forecast_user,forecast_alt_sales_prediction_h,TABLE,matnr,string,Impala ODBC,100
forecast_user,forecast_user,forecast_alt_sales_prediction_h,TABLE,month,int,Impala ODBC,100
forecast_user,forecast_user,forecast_alt_sales_prediction_h,TABLE,sales_prediction,double,Impala ODBC,100
forecast_user,forecast_user,forecast_alt_sales_prediction_h,TABLE,ts_insert_dlk,timestamp,Impala ODBC,100
forecast_user,forecast_user,forecast_alt_sales_prediction_h,TABLE,ts_update_dlk,timestamp,Impala ODBC,100
forecast_user,forecast_user,forecast_alt_sales_prediction_h,TABLE,user_insert_dlk,string,Impala ODBC,100
forecast_user,forecast_user,forecast_alt_sales_prediction_h,TABLE,user_update_dlk,string,Impala ODBC,100
forecast_user,forecast_user,forecast_alt_sales_prediction_h,TABLE,werks,string,Impala ODBC,100
forecast_user,forecast_user,forecast_alt_sales_prediction_h,TABLE,year,int,Impala ODBC,100
forecast_user,forecast_user,forecast_arbitrary_rate_param,TABLE,arbitrary_rate,double,Impala ODBC,100
forecast_user,forecast_user,forecast_arbitrary_rate_param,TABLE,des_family,string,Impala ODBC,100
forecast_user,forecast_user,forecast_arbitrary_rate_param,TABLE,des_family_group,string,Impala ODBC,100
forecast_user,forecast_user,forecast_arbitrary_rate_param,TABLE,des_flow,string,Impala ODBC,100
forecast_user,forecast_user,forecast_arbitrary_rate_param,TABLE,des_matnr,string,Impala ODBC,100
forecast_user,forecast_user,forecast_arbitrary_rate_param,TABLE,des_platform,string,Impala ODBC,100
forecast_user,forecast_user,forecast_arbitrary_rate_param,TABLE,des_provider,string,Impala ODBC,100
forecast_user,forecast_user,forecast_arbitrary_rate_param,TABLE,des_section,string,Impala ODBC,100
forecast_user,forecast_user,forecast_arbitrary_rate_param,TABLE,des_sector,string,Impala ODBC,100
forecast_user,forecast_user,forecast_arbitrary_rate_param,TABLE,des_subfamily,string,Impala ODBC,100
forecast_user,forecast_user,forecast_arbitrary_rate_param,TABLE,des_vtweg,string,Impala ODBC,100
forecast_user,forecast_user,forecast_arbitrary_rate_param,TABLE,des_werks,string,Impala ODBC,100
forecast_user,forecast_user,forecast_arbitrary_rate_param,TABLE,end_date,timestamp,Impala ODBC,100
forecast_user,forecast_user,forecast_arbitrary_rate_param,TABLE,family,string,Impala ODBC,100
forecast_user,forecast_user,forecast_arbitrary_rate_param,TABLE,family_group,string,Impala ODBC,100
forecast_user,forecast_user,forecast_arbitrary_rate_param,TABLE,flow,string,Impala ODBC,100
forecast_user,forecast_user,forecast_arbitrary_rate_param,TABLE,init_date,timestamp,Impala ODBC,100
forecast_user,forecast_user,forecast_arbitrary_rate_param,TABLE,matnr,string,Impala ODBC,100
forecast_user,forecast_user,forecast_arbitrary_rate_param,TABLE,platform,string,Impala ODBC,100
forecast_user,forecast_user,forecast_arbitrary_rate_param,TABLE,provider,string,Impala ODBC,100
forecast_user,forecast_user,forecast_arbitrary_rate_param,TABLE,section,string,Impala ODBC,100
forecast_user,forecast_user,forecast_arbitrary_rate_param,TABLE,sector,string,Impala ODBC,100
forecast_user,forecast_user,forecast_arbitrary_rate_param,TABLE,subfamily,string,Impala ODBC,100
forecast_user,forecast_user,forecast_arbitrary_rate_param,TABLE,ts_insert_dlk,timestamp,Impala ODBC,100
forecast_user,forecast_user,forecast_arbitrary_rate_param,TABLE,ts_update_dlk,timestamp,Impala ODBC,100
forecast_user,forecast_user,forecast_arbitrary_rate_param,TABLE,user_insert_dlk,string,Impala ODBC,100
forecast_user,forecast_user,forecast_arbitrary_rate_param,TABLE,user_update_dlk,string,Impala ODBC,100
forecast_user,forecast_user,forecast_arbitrary_rate_param,TABLE,vtweg,string,Impala ODBC,100
forecast_user,forecast_user,forecast_arbitrary_rate_param,TABLE,werks,string,Impala ODBC,100
forecast_user,forecast_user,forecast_assigned_seasonal_rates,TABLE,assignment_date,timestamp,Impala ODBC,100
forecast_user,forecast_user,forecast_assigned_seasonal_rates,TABLE,assignment_user,string,Impala ODBC,100
forecast_user,forecast_user,forecast_assigned_seasonal_rates,TABLE,family,string,Impala ODBC,100
forecast_user,forecast_user,forecast_assigned_seasonal_rates,TABLE,family_group,string,Impala ODBC,100
forecast_user,forecast_user,forecast_assigned_seasonal_rates,TABLE,family_group_vtext,string,Impala ODBC,100
forecast_user,forecast_user,forecast_assigned_seasonal_rates,TABLE,family_vtext,string,Impala ODBC,100
forecast_user,forecast_user,forecast_assigned_seasonal_rates,TABLE,id_profile,string,Impala ODBC,100
forecast_user,forecast_user,forecast_assigned_seasonal_rates,TABLE,matnr,string,Impala ODBC,100
forecast_user,forecast_user,forecast_assigned_seasonal_rates,TABLE,matnr_vtext,string,Impala ODBC,100
forecast_user,forecast_user,forecast_assigned_seasonal_rates,TABLE,profile_vtext,string,Impala ODBC,100
forecast_user,forecast_user,forecast_assigned_seasonal_rates,TABLE,seasonal_mark,string,Impala ODBC,100
forecast_user,forecast_user,forecast_assigned_seasonal_rates,TABLE,seasonal_mark_vtext,string,Impala ODBC,100
forecast_user,forecast_user,forecast_assigned_seasonal_rates,TABLE,section,string,Impala ODBC,100
forecast_user,forecast_user,forecast_assigned_seasonal_rates,TABLE,section_vtext,string,Impala ODBC,100
forecast_user,forecast_user,forecast_assigned_seasonal_rates,TABLE,sector,string,Impala ODBC,100
forecast_user,forecast_user,forecast_assigned_seasonal_rates,TABLE,sector_vtext,string,Impala ODBC,100
forecast_user,forecast_user,forecast_assigned_seasonal_rates,TABLE,subfamily,string,Impala ODBC,100
forecast_user,forecast_user,forecast_assigned_seasonal_rates,TABLE,subfamily_vtext,string,Impala ODBC,100
forecast_user,forecast_user,forecast_assigned_seasonal_rates,TABLE,ts_insert_dlk,timestamp,Impala ODBC,100
forecast_user,forecast_user,forecast_assigned_seasonal_rates,TABLE,ts_update_dlk,timestamp,Impala ODBC,100
forecast_user,forecast_user,forecast_assigned_seasonal_rates,TABLE,user_insert_dlk,string,Impala ODBC,100
forecast_user,forecast_user,forecast_assigned_seasonal_rates,TABLE,user_update_dlk,string,Impala ODBC,100
forecast_user,forecast_user,forecast_assigned_seasonal_rates,TABLE,vtweg,string,Impala ODBC,100
forecast_user,forecast_user,forecast_assigned_seasonal_rates,TABLE,vtweg_vtext,string,Impala ODBC,100
forecast_user,forecast_user,forecast_assigned_seasonal_rates,TABLE,werks,string,Impala ODBC,100
forecast_user,forecast_user,forecast_assigned_seasonal_rates,TABLE,werks_apro,string,Impala ODBC,100
forecast_user,forecast_user,forecast_assigned_seasonal_rates,TABLE,werks_vtext,string,Impala ODBC,100
forecast_user,forecast_user,forecast_assigned_seasonal_rates,TABLE,year_calculation,int,Impala ODBC,100
forecast_user,forecast_user,forecast_assigned_seasonal_rates_h,TABLE,#,Partition,Impala ODBC,100
forecast_user,forecast_user,forecast_assigned_seasonal_rates_h,TABLE,assignment_date,timestamp,Impala ODBC,100
forecast_user,forecast_user,forecast_assigned_seasonal_rates_h,TABLE,assignment_user,string,Impala ODBC,100
forecast_user,forecast_user,forecast_assigned_seasonal_rates_h,TABLE,day,int,Impala ODBC,100
forecast_user,forecast_user,forecast_assigned_seasonal_rates_h,TABLE,family,string,Impala ODBC,100
forecast_user,forecast_user,forecast_assigned_seasonal_rates_h,TABLE,family_group,string,Impala ODBC,100
forecast_user,forecast_user,forecast_assigned_seasonal_rates_h,TABLE,family_group_vtext,string,Impala ODBC,100
forecast_user,forecast_user,forecast_assigned_seasonal_rates_h,TABLE,family_vtext,string,Impala ODBC,100
forecast_user,forecast_user,forecast_assigned_seasonal_rates_h,TABLE,id_profile,string,Impala ODBC,100
forecast_user,forecast_user,forecast_assigned_seasonal_rates_h,TABLE,matnr,string,Impala ODBC,100
forecast_user,forecast_user,forecast_assigned_seasonal_rates_h,TABLE,matnr_vtext,string,Impala ODBC,100
forecast_user,forecast_user,forecast_assigned_seasonal_rates_h,TABLE,month,int,Impala ODBC,100
forecast_user,forecast_user,forecast_assigned_seasonal_rates_h,TABLE,profile_vtext,string,Impala ODBC,100
forecast_user,forecast_user,forecast_assigned_seasonal_rates_h,TABLE,seasonal_mark,string,Impala ODBC,100
forecast_user,forecast_user,forecast_assigned_seasonal_rates_h,TABLE,seasonal_mark_vtext,string,Impala ODBC,100
forecast_user,forecast_user,forecast_assigned_seasonal_rates_h,TABLE,section,string,Impala ODBC,100
forecast_user,forecast_user,forecast_assigned_seasonal_rates_h,TABLE,section_vtext,string,Impala ODBC,100
forecast_user,forecast_user,forecast_assigned_seasonal_rates_h,TABLE,sector,string,Impala ODBC,100
forecast_user,forecast_user,forecast_assigned_seasonal_rates_h,TABLE,sector_vtext,string,Impala ODBC,100
forecast_user,forecast_user,forecast_assigned_seasonal_rates_h,TABLE,subfamily,string,Impala ODBC,100
forecast_user,forecast_user,forecast_assigned_seasonal_rates_h,TABLE,subfamily_vtext,string,Impala ODBC,100
forecast_user,forecast_user,forecast_assigned_seasonal_rates_h,TABLE,ts_insert_dlk,timestamp,Impala ODBC,100
forecast_user,forecast_user,forecast_assigned_seasonal_rates_h,TABLE,ts_update_dlk,timestamp,Impala ODBC,100
forecast_user,forecast_user,forecast_assigned_seasonal_rates_h,TABLE,user_insert_dlk,string,Impala ODBC,100
forecast_user,forecast_user,forecast_assigned_seasonal_rates_h,TABLE,user_update_dlk,string,Impala ODBC,100
forecast_user,forecast_user,forecast_assigned_seasonal_rates_h,TABLE,vtweg,string,Impala ODBC,100
forecast_user,forecast_user,forecast_assigned_seasonal_rates_h,TABLE,vtweg_vtext,string,Impala ODBC,100
forecast_user,forecast_user,forecast_assigned_seasonal_rates_h,TABLE,werks,string,Impala ODBC,100
forecast_user,forecast_user,forecast_assigned_seasonal_rates_h,TABLE,werks_apro,string,Impala ODBC,100
forecast_user,forecast_user,forecast_assigned_seasonal_rates_h,TABLE,werks_vtext,string,Impala ODBC,100
forecast_user,forecast_user,forecast_assigned_seasonal_rates_h,TABLE,year,int,Impala ODBC,100
forecast_user,forecast_user,forecast_assigned_seasonal_rates_h,TABLE,year_calculation,int,Impala ODBC,100
forecast_user,forecast_user,forecast_calculated_seasonal_rate,TABLE,creation_date,timestamp,Impala ODBC,100
forecast_user,forecast_user,forecast_calculated_seasonal_rate,TABLE,creation_user,string,Impala ODBC,100
forecast_user,forecast_user,forecast_calculated_seasonal_rate,TABLE,family,string,Impala ODBC,100
forecast_user,forecast_user,forecast_calculated_seasonal_rate,TABLE,family_excluded,string,Impala ODBC,100
forecast_user,forecast_user,forecast_calculated_seasonal_rate,TABLE,family_group,string,Impala ODBC,100
forecast_user,forecast_user,forecast_calculated_seasonal_rate,TABLE,id_profile,string,Impala ODBC,100
forecast_user,forecast_user,forecast_calculated_seasonal_rate,TABLE,matnr,string,Impala ODBC,100
forecast_user,forecast_user,forecast_calculated_seasonal_rate,TABLE,profile_type,string,Impala ODBC,100
forecast_user,forecast_user,forecast_calculated_seasonal_rate,TABLE,profile_vtext,string,Impala ODBC,100
forecast_user,forecast_user,forecast_calculated_seasonal_rate,TABLE,seasonal_mark,string,Impala ODBC,100
forecast_user,forecast_user,forecast_calculated_seasonal_rate,TABLE,seasonal_mark_vtext,string,Impala ODBC,100
forecast_user,forecast_user,forecast_calculated_seasonal_rate,TABLE,seasonal_rate_week1,double,Impala ODBC,100
forecast_user,forecast_user,forecast_calculated_seasonal_rate,TABLE,seasonal_rate_week10,double,Impala ODBC,100
forecast_user,forecast_user,forecast_calculated_seasonal_rate,TABLE,seasonal_rate_week11,double,Impala ODBC,100
forecast_user,forecast_user,forecast_calculated_seasonal_rate,TABLE,seasonal_rate_week12,double,Impala ODBC,100
forecast_user,forecast_user,forecast_calculated_seasonal_rate,TABLE,seasonal_rate_week13,double,Impala ODBC,100
forecast_user,forecast_user,forecast_calculated_seasonal_rate,TABLE,seasonal_rate_week14,double,Impala ODBC,100
forecast_user,forecast_user,forecast_calculated_seasonal_rate,TABLE,seasonal_rate_week15,double,Impala ODBC,100
forecast_user,forecast_user,forecast_calculated_seasonal_rate,TABLE,seasonal_rate_week16,double,Impala ODBC,100
forecast_user,forecast_user,forecast_calculated_seasonal_rate,TABLE,seasonal_rate_week17,double,Impala ODBC,100
forecast_user,forecast_user,forecast_calculated_seasonal_rate,TABLE,seasonal_rate_week18,double,Impala ODBC,100
forecast_user,forecast_user,forecast_calculated_seasonal_rate,TABLE,seasonal_rate_week19,double,Impala ODBC,100
forecast_user,forecast_user,forecast_calculated_seasonal_rate,TABLE,seasonal_rate_week2,double,Impala ODBC,100
forecast_user,forecast_user,forecast_calculated_seasonal_rate,TABLE,seasonal_rate_week20,double,Impala ODBC,100
forecast_user,forecast_user,forecast_calculated_seasonal_rate,TABLE,seasonal_rate_week21,double,Impala ODBC,100
forecast_user,forecast_user,forecast_calculated_seasonal_rate,TABLE,seasonal_rate_week22,double,Impala ODBC,100
forecast_user,forecast_user,forecast_calculated_seasonal_rate,TABLE,seasonal_rate_week23,double,Impala ODBC,100
forecast_user,forecast_user,forecast_calculated_seasonal_rate,TABLE,seasonal_rate_week24,double,Impala ODBC,100
forecast_user,forecast_user,forecast_calculated_seasonal_rate,TABLE,seasonal_rate_week25,double,Impala ODBC,100
forecast_user,forecast_user,forecast_calculated_seasonal_rate,TABLE,seasonal_rate_week26,double,Impala ODBC,100
forecast_user,forecast_user,forecast_calculated_seasonal_rate,TABLE,seasonal_rate_week27,double,Impala ODBC,100
forecast_user,forecast_user,forecast_calculated_seasonal_rate,TABLE,seasonal_rate_week28,double,Impala ODBC,100
forecast_user,forecast_user,forecast_calculated_seasonal_rate,TABLE,seasonal_rate_week29,double,Impala ODBC,100
forecast_user,forecast_user,forecast_calculated_seasonal_rate,TABLE,seasonal_rate_week3,double,Impala ODBC,100
forecast_user,forecast_user,forecast_calculated_seasonal_rate,TABLE,seasonal_rate_week30,double,Impala ODBC,100
forecast_user,forecast_user,forecast_calculated_seasonal_rate,TABLE,seasonal_rate_week31,double,Impala ODBC,100
forecast_user,forecast_user,forecast_calculated_seasonal_rate,TABLE,seasonal_rate_week32,double,Impala ODBC,100
forecast_user,forecast_user,forecast_calculated_seasonal_rate,TABLE,seasonal_rate_week33,double,Impala ODBC,100
forecast_user,forecast_user,forecast_calculated_seasonal_rate,TABLE,seasonal_rate_week34,double,Impala ODBC,100
forecast_user,forecast_user,forecast_calculated_seasonal_rate,TABLE,seasonal_rate_week35,double,Impala ODBC,100
forecast_user,forecast_user,forecast_calculated_seasonal_rate,TABLE,seasonal_rate_week36,double,Impala ODBC,100
forecast_user,forecast_user,forecast_calculated_seasonal_rate,TABLE,seasonal_rate_week37,double,Impala ODBC,100
forecast_user,forecast_user,forecast_calculated_seasonal_rate,TABLE,seasonal_rate_week38,double,Impala ODBC,100
forecast_user,forecast_user,forecast_calculated_seasonal_rate,TABLE,seasonal_rate_week39,double,Impala ODBC,100
forecast_user,forecast_user,forecast_calculated_seasonal_rate,TABLE,seasonal_rate_week4,double,Impala ODBC,100
forecast_user,forecast_user,forecast_calculated_seasonal_rate,TABLE,seasonal_rate_week40,double,Impala ODBC,100
forecast_user,forecast_user,forecast_calculated_seasonal_rate,TABLE,seasonal_rate_week41,double,Impala ODBC,100
forecast_user,forecast_user,forecast_calculated_seasonal_rate,TABLE,seasonal_rate_week42,double,Impala ODBC,100
forecast_user,forecast_user,forecast_calculated_seasonal_rate,TABLE,seasonal_rate_week43,double,Impala ODBC,100
forecast_user,forecast_user,forecast_calculated_seasonal_rate,TABLE,seasonal_rate_week44,double,Impala ODBC,100
forecast_user,forecast_user,forecast_calculated_seasonal_rate,TABLE,seasonal_rate_week45,double,Impala ODBC,100
forecast_user,forecast_user,forecast_calculated_seasonal_rate,TABLE,seasonal_rate_week46,double,Impala ODBC,100
forecast_user,forecast_user,forecast_calculated_seasonal_rate,TABLE,seasonal_rate_week47,double,Impala ODBC,100
forecast_user,forecast_user,forecast_calculated_seasonal_rate,TABLE,seasonal_rate_week48,double,Impala ODBC,100
forecast_user,forecast_user,forecast_calculated_seasonal_rate,TABLE,seasonal_rate_week49,double,Impala ODBC,100
forecast_user,forecast_user,forecast_calculated_seasonal_rate,TABLE,seasonal_rate_week5,double,Impala ODBC,100
forecast_user,forecast_user,forecast_calculated_seasonal_rate,TABLE,seasonal_rate_week50,double,Impala ODBC,100
forecast_user,forecast_user,forecast_calculated_seasonal_rate,TABLE,seasonal_rate_week51,double,Impala ODBC,100
forecast_user,forecast_user,forecast_calculated_seasonal_rate,TABLE,seasonal_rate_week52,double,Impala ODBC,100
forecast_user,forecast_user,forecast_calculated_seasonal_rate,TABLE,seasonal_rate_week53,double,Impala ODBC,100
forecast_user,forecast_user,forecast_calculated_seasonal_rate,TABLE,seasonal_rate_week6,double,Impala ODBC,100
forecast_user,forecast_user,forecast_calculated_seasonal_rate,TABLE,seasonal_rate_week7,double,Impala ODBC,100
forecast_user,forecast_user,forecast_calculated_seasonal_rate,TABLE,seasonal_rate_week8,double,Impala ODBC,100
forecast_user,forecast_user,forecast_calculated_seasonal_rate,TABLE,seasonal_rate_week9,double,Impala ODBC,100
forecast_user,forecast_user,forecast_calculated_seasonal_rate,TABLE,section,string,Impala ODBC,100
forecast_user,forecast_user,forecast_calculated_seasonal_rate,TABLE,sector,string,Impala ODBC,100
forecast_user,forecast_user,forecast_calculated_seasonal_rate,TABLE,subfamily,string,Impala ODBC,100
forecast_user,forecast_user,forecast_calculated_seasonal_rate,TABLE,subfamily_excluded,string,Impala ODBC,100
forecast_user,forecast_user,forecast_calculated_seasonal_rate,TABLE,update_date,timestamp,Impala ODBC,100
forecast_user,forecast_user,forecast_calculated_seasonal_rate,TABLE,vtweg,string,Impala ODBC,100
forecast_user,forecast_user,forecast_calculated_seasonal_rate,TABLE,werks,string,Impala ODBC,100
forecast_user,forecast_user,forecast_calculated_seasonal_rate,TABLE,year_calculation,int,Impala ODBC,100
forecast_user,forecast_user,forecast_calculated_seasonal_rate,TABLE,year_mirror,int,Impala ODBC,100
forecast_user,forecast_user,forecast_calculated_seasonal_rate_h,TABLE,creation_date,timestamp,Impala ODBC,100
forecast_user,forecast_user,forecast_calculated_seasonal_rate_h,TABLE,creation_user,string,Impala ODBC,100
forecast_user,forecast_user,forecast_calculated_seasonal_rate_h,TABLE,family,string,Impala ODBC,100
forecast_user,forecast_user,forecast_calculated_seasonal_rate_h,TABLE,family_excluded,string,Impala ODBC,100
forecast_user,forecast_user,forecast_calculated_seasonal_rate_h,TABLE,family_group,string,Impala ODBC,100
forecast_user,forecast_user,forecast_calculated_seasonal_rate_h,TABLE,id_profile,string,Impala ODBC,100
forecast_user,forecast_user,forecast_calculated_seasonal_rate_h,TABLE,matnr,string,Impala ODBC,100
forecast_user,forecast_user,forecast_calculated_seasonal_rate_h,TABLE,profile_type,string,Impala ODBC,100
forecast_user,forecast_user,forecast_calculated_seasonal_rate_h,TABLE,profile_vtext,string,Impala ODBC,100
forecast_user,forecast_user,forecast_calculated_seasonal_rate_h,TABLE,seasonal_mark,string,Impala ODBC,100
forecast_user,forecast_user,forecast_calculated_seasonal_rate_h,TABLE,seasonal_mark_vtext,string,Impala ODBC,100
forecast_user,forecast_user,forecast_calculated_seasonal_rate_h,TABLE,seasonal_rate_week1,double,Impala ODBC,100
forecast_user,forecast_user,forecast_calculated_seasonal_rate_h,TABLE,seasonal_rate_week10,double,Impala ODBC,100
forecast_user,forecast_user,forecast_calculated_seasonal_rate_h,TABLE,seasonal_rate_week11,double,Impala ODBC,100
forecast_user,forecast_user,forecast_calculated_seasonal_rate_h,TABLE,seasonal_rate_week12,double,Impala ODBC,100
forecast_user,forecast_user,forecast_calculated_seasonal_rate_h,TABLE,seasonal_rate_week13,double,Impala ODBC,100
forecast_user,forecast_user,forecast_calculated_seasonal_rate_h,TABLE,seasonal_rate_week14,double,Impala ODBC,100
forecast_user,forecast_user,forecast_calculated_seasonal_rate_h,TABLE,seasonal_rate_week15,double,Impala ODBC,100
forecast_user,forecast_user,forecast_calculated_seasonal_rate_h,TABLE,seasonal_rate_week16,double,Impala ODBC,100
forecast_user,forecast_user,forecast_calculated_seasonal_rate_h,TABLE,seasonal_rate_week17,double,Impala ODBC,100
forecast_user,forecast_user,forecast_calculated_seasonal_rate_h,TABLE,seasonal_rate_week18,double,Impala ODBC,100
forecast_user,forecast_user,forecast_calculated_seasonal_rate_h,TABLE,seasonal_rate_week19,double,Impala ODBC,100
forecast_user,forecast_user,forecast_calculated_seasonal_rate_h,TABLE,seasonal_rate_week2,double,Impala ODBC,100
forecast_user,forecast_user,forecast_calculated_seasonal_rate_h,TABLE,seasonal_rate_week20,double,Impala ODBC,100
forecast_user,forecast_user,forecast_calculated_seasonal_rate_h,TABLE,seasonal_rate_week21,double,Impala ODBC,100
forecast_user,forecast_user,forecast_calculated_seasonal_rate_h,TABLE,seasonal_rate_week22,double,Impala ODBC,100
forecast_user,forecast_user,forecast_calculated_seasonal_rate_h,TABLE,seasonal_rate_week23,double,Impala ODBC,100
forecast_user,forecast_user,forecast_calculated_seasonal_rate_h,TABLE,seasonal_rate_week24,double,Impala ODBC,100
forecast_user,forecast_user,forecast_calculated_seasonal_rate_h,TABLE,seasonal_rate_week25,double,Impala ODBC,100
forecast_user,forecast_user,forecast_calculated_seasonal_rate_h,TABLE,seasonal_rate_week26,double,Impala ODBC,100
forecast_user,forecast_user,forecast_calculated_seasonal_rate_h,TABLE,seasonal_rate_week27,double,Impala ODBC,100
forecast_user,forecast_user,forecast_calculated_seasonal_rate_h,TABLE,seasonal_rate_week28,double,Impala ODBC,100
forecast_user,forecast_user,forecast_calculated_seasonal_rate_h,TABLE,seasonal_rate_week29,double,Impala ODBC,100
forecast_user,forecast_user,forecast_calculated_seasonal_rate_h,TABLE,seasonal_rate_week3,double,Impala ODBC,100
forecast_user,forecast_user,forecast_calculated_seasonal_rate_h,TABLE,seasonal_rate_week30,double,Impala ODBC,100
forecast_user,forecast_user,forecast_calculated_seasonal_rate_h,TABLE,seasonal_rate_week31,double,Impala ODBC,100
forecast_user,forecast_user,forecast_calculated_seasonal_rate_h,TABLE,seasonal_rate_week32,double,Impala ODBC,100
forecast_user,forecast_user,forecast_calculated_seasonal_rate_h,TABLE,seasonal_rate_week33,double,Impala ODBC,100
forecast_user,forecast_user,forecast_calculated_seasonal_rate_h,TABLE,seasonal_rate_week34,double,Impala ODBC,100
forecast_user,forecast_user,forecast_calculated_seasonal_rate_h,TABLE,seasonal_rate_week35,double,Impala ODBC,100
forecast_user,forecast_user,forecast_calculated_seasonal_rate_h,TABLE,seasonal_rate_week36,double,Impala ODBC,100
forecast_user,forecast_user,forecast_calculated_seasonal_rate_h,TABLE,seasonal_rate_week37,double,Impala ODBC,100
forecast_user,forecast_user,forecast_calculated_seasonal_rate_h,TABLE,seasonal_rate_week38,double,Impala ODBC,100
forecast_user,forecast_user,forecast_calculated_seasonal_rate_h,TABLE,seasonal_rate_week39,double,Impala ODBC,100
forecast_user,forecast_user,forecast_calculated_seasonal_rate_h,TABLE,seasonal_rate_week4,double,Impala ODBC,100
forecast_user,forecast_user,forecast_calculated_seasonal_rate_h,TABLE,seasonal_rate_week40,double,Impala ODBC,100
forecast_user,forecast_user,forecast_calculated_seasonal_rate_h,TABLE,seasonal_rate_week41,double,Impala ODBC,100
forecast_user,forecast_user,forecast_calculated_seasonal_rate_h,TABLE,seasonal_rate_week42,double,Impala ODBC,100
forecast_user,forecast_user,forecast_calculated_seasonal_rate_h,TABLE,seasonal_rate_week43,double,Impala ODBC,100
forecast_user,forecast_user,forecast_calculated_seasonal_rate_h,TABLE,seasonal_rate_week44,double,Impala ODBC,100
forecast_user,forecast_user,forecast_calculated_seasonal_rate_h,TABLE,seasonal_rate_week45,double,Impala ODBC,100
forecast_user,forecast_user,forecast_calculated_seasonal_rate_h,TABLE,seasonal_rate_week46,double,Impala ODBC,100
forecast_user,forecast_user,forecast_calculated_seasonal_rate_h,TABLE,seasonal_rate_week47,double,Impala ODBC,100
forecast_user,forecast_user,forecast_calculated_seasonal_rate_h,TABLE,seasonal_rate_week48,double,Impala ODBC,100
forecast_user,forecast_user,forecast_calculated_seasonal_rate_h,TABLE,seasonal_rate_week49,double,Impala ODBC,100
forecast_user,forecast_user,forecast_calculated_seasonal_rate_h,TABLE,seasonal_rate_week5,double,Impala ODBC,100
forecast_user,forecast_user,forecast_calculated_seasonal_rate_h,TABLE,seasonal_rate_week50,double,Impala ODBC,100
forecast_user,forecast_user,forecast_calculated_seasonal_rate_h,TABLE,seasonal_rate_week51,double,Impala ODBC,100
forecast_user,forecast_user,forecast_calculated_seasonal_rate_h,TABLE,seasonal_rate_week52,double,Impala ODBC,100
forecast_user,forecast_user,forecast_calculated_seasonal_rate_h,TABLE,seasonal_rate_week53,double,Impala ODBC,100
forecast_user,forecast_user,forecast_calculated_seasonal_rate_h,TABLE,seasonal_rate_week6,double,Impala ODBC,100
forecast_user,forecast_user,forecast_calculated_seasonal_rate_h,TABLE,seasonal_rate_week7,double,Impala ODBC,100
forecast_user,forecast_user,forecast_calculated_seasonal_rate_h,TABLE,seasonal_rate_week8,double,Impala ODBC,100
forecast_user,forecast_user,forecast_calculated_seasonal_rate_h,TABLE,seasonal_rate_week9,double,Impala ODBC,100
forecast_user,forecast_user,forecast_calculated_seasonal_rate_h,TABLE,section,string,Impala ODBC,100
forecast_user,forecast_user,forecast_calculated_seasonal_rate_h,TABLE,sector,string,Impala ODBC,100
forecast_user,forecast_user,forecast_calculated_seasonal_rate_h,TABLE,subfamily,string,Impala ODBC,100
forecast_user,forecast_user,forecast_calculated_seasonal_rate_h,TABLE,subfamily_excluded,string,Impala ODBC,100
forecast_user,forecast_user,forecast_calculated_seasonal_rate_h,TABLE,update_date,timestamp,Impala ODBC,100
forecast_user,forecast_user,forecast_calculated_seasonal_rate_h,TABLE,vtweg,string,Impala ODBC,100
forecast_user,forecast_user,forecast_calculated_seasonal_rate_h,TABLE,werks,string,Impala ODBC,100
forecast_user,forecast_user,forecast_calculated_seasonal_rate_h,TABLE,year_calculation,int,Impala ODBC,100
forecast_user,forecast_user,forecast_calculated_seasonal_rate_h,TABLE,year_mirror,int,Impala ODBC,100
forecast_user,forecast_user,forecast_cas_from_reactivation,TABLE,#,Partition,Impala ODBC,100
forecast_user,forecast_user,forecast_cas_from_reactivation,TABLE,corrected_average_sale,double,Impala ODBC,100
forecast_user,forecast_user,forecast_cas_from_reactivation,TABLE,date_sale,timestamp,Impala ODBC,100
forecast_user,forecast_user,forecast_cas_from_reactivation,TABLE,day,int,Impala ODBC,100
forecast_user,forecast_user,forecast_cas_from_reactivation,TABLE,from_date,timestamp,Impala ODBC,100
forecast_user,forecast_user,forecast_cas_from_reactivation,TABLE,matnr,string,Impala ODBC,100
forecast_user,forecast_user,forecast_cas_from_reactivation,TABLE,month,int,Impala ODBC,100
forecast_user,forecast_user,forecast_cas_from_reactivation,TABLE,ts_insert_dlk,timestamp,Impala ODBC,100
forecast_user,forecast_user,forecast_cas_from_reactivation,TABLE,ts_update_dlk,timestamp,Impala ODBC,100
forecast_user,forecast_user,forecast_cas_from_reactivation,TABLE,user_insert_dlk,string,Impala ODBC,100
forecast_user,forecast_user,forecast_cas_from_reactivation,TABLE,user_update_dlk,string,Impala ODBC,100
forecast_user,forecast_user,forecast_cas_from_reactivation,TABLE,werks,string,Impala ODBC,100
forecast_user,forecast_user,forecast_cas_from_reactivation,TABLE,year,int,Impala ODBC,100
forecast_user,forecast_user,forecast_deviation_seasonal_rate_h,TABLE,#,Partition,Impala ODBC,100
forecast_user,forecast_user,forecast_deviation_seasonal_rate_h,TABLE,alarm,double,Impala ODBC,100
forecast_user,forecast_user,forecast_deviation_seasonal_rate_h,TABLE,day,int,Impala ODBC,100
forecast_user,forecast_user,forecast_deviation_seasonal_rate_h,TABLE,execution_date,timestamp,Impala ODBC,100
forecast_user,forecast_user,forecast_deviation_seasonal_rate_h,TABLE,family,string,Impala ODBC,100
forecast_user,forecast_user,forecast_deviation_seasonal_rate_h,TABLE,family_excluded,string,Impala ODBC,100
forecast_user,forecast_user,forecast_deviation_seasonal_rate_h,TABLE,family_group,string,Impala ODBC,100
forecast_user,forecast_user,forecast_deviation_seasonal_rate_h,TABLE,historic_deviation,double,Impala ODBC,100
forecast_user,forecast_user,forecast_deviation_seasonal_rate_h,TABLE,id_profile,string,Impala ODBC,100
forecast_user,forecast_user,forecast_deviation_seasonal_rate_h,TABLE,matnr,string,Impala ODBC,100
forecast_user,forecast_user,forecast_deviation_seasonal_rate_h,TABLE,month,int,Impala ODBC,100
forecast_user,forecast_user,forecast_deviation_seasonal_rate_h,TABLE,profile_vtext,string,Impala ODBC,100
forecast_user,forecast_user,forecast_deviation_seasonal_rate_h,TABLE,real_average,double,Impala ODBC,100
forecast_user,forecast_user,forecast_deviation_seasonal_rate_h,TABLE,real_deviation_n_minus1,double,Impala ODBC,100
forecast_user,forecast_user,forecast_deviation_seasonal_rate_h,TABLE,real_deviation_n_minus2,double,Impala ODBC,100
forecast_user,forecast_user,forecast_deviation_seasonal_rate_h,TABLE,seasonal_mark_vtext,string,Impala ODBC,100
forecast_user,forecast_user,forecast_deviation_seasonal_rate_h,TABLE,seasonal_rate_average,double,Impala ODBC,100
forecast_user,forecast_user,forecast_deviation_seasonal_rate_h,TABLE,seasonal_rate_deviation_n_minus1,double,Impala ODBC,100
forecast_user,forecast_user,forecast_deviation_seasonal_rate_h,TABLE,seasonal_rate_deviation_n_minus2,double,Impala ODBC,100
forecast_user,forecast_user,forecast_deviation_seasonal_rate_h,TABLE,seasonal_rate_week_n,double,Impala ODBC,100
forecast_user,forecast_user,forecast_deviation_seasonal_rate_h,TABLE,seasonal_rate_week_n_minus1,double,Impala ODBC,100
forecast_user,forecast_user,forecast_deviation_seasonal_rate_h,TABLE,seasonal_rate_week_n_minus2,double,Impala ODBC,100
forecast_user,forecast_user,forecast_deviation_seasonal_rate_h,TABLE,seasonal_rate_week_n_minus3,double,Impala ODBC,100
forecast_user,forecast_user,forecast_deviation_seasonal_rate_h,TABLE,seasonal_rate_week_n_plus1,double,Impala ODBC,100
forecast_user,forecast_user,forecast_deviation_seasonal_rate_h,TABLE,section,string,Impala ODBC,100
forecast_user,forecast_user,forecast_deviation_seasonal_rate_h,TABLE,sector,string,Impala ODBC,100
forecast_user,forecast_user,forecast_deviation_seasonal_rate_h,TABLE,subfamily,string,Impala ODBC,100
forecast_user,forecast_user,forecast_deviation_seasonal_rate_h,TABLE,subfamily_excluded,string,Impala ODBC,100
forecast_user,forecast_user,forecast_deviation_seasonal_rate_h,TABLE,ts_insert_dlk,timestamp,Impala ODBC,100
forecast_user,forecast_user,forecast_deviation_seasonal_rate_h,TABLE,ts_update_dlk,timestamp,Impala ODBC,100
forecast_user,forecast_user,forecast_deviation_seasonal_rate_h,TABLE,user_insert_dlk,string,Impala ODBC,100
forecast_user,forecast_user,forecast_deviation_seasonal_rate_h,TABLE,user_update_dlk,string,Impala ODBC,100
forecast_user,forecast_user,forecast_deviation_seasonal_rate_h,TABLE,vtweg,string,Impala ODBC,100
forecast_user,forecast_user,forecast_deviation_seasonal_rate_h,TABLE,week_n,int,Impala ODBC,100
forecast_user,forecast_user,forecast_deviation_seasonal_rate_h,TABLE,week_n_minus1,int,Impala ODBC,100
forecast_user,forecast_user,forecast_deviation_seasonal_rate_h,TABLE,week_n_minus1_year_calculate_sales,double,Impala ODBC,100
forecast_user,forecast_user,forecast_deviation_seasonal_rate_h,TABLE,week_n_minus1_year_mirror_sales,double,Impala ODBC,100
forecast_user,forecast_user,forecast_deviation_seasonal_rate_h,TABLE,week_n_minus2,int,Impala ODBC,100
forecast_user,forecast_user,forecast_deviation_seasonal_rate_h,TABLE,week_n_minus2_year_calculate_sales,double,Impala ODBC,100
forecast_user,forecast_user,forecast_deviation_seasonal_rate_h,TABLE,week_n_minus3,int,Impala ODBC,100
forecast_user,forecast_user,forecast_deviation_seasonal_rate_h,TABLE,week_n_minus3_year_calculate_sales,double,Impala ODBC,100
forecast_user,forecast_user,forecast_deviation_seasonal_rate_h,TABLE,werks,string,Impala ODBC,100
forecast_user,forecast_user,forecast_deviation_seasonal_rate_h,TABLE,year,int,Impala ODBC,100
forecast_user,forecast_user,forecast_deviation_seasonal_rate_h,TABLE,year_calculate,int,Impala ODBC,100
forecast_user,forecast_user,forecast_deviation_seasonal_rate_h,TABLE,year_mirror,int,Impala ODBC,100
forecast_user,forecast_user,forecast_equivalence_weeks_h,TABLE,#,Partition,Impala ODBC,100
forecast_user,forecast_user,forecast_equivalence_weeks_h,TABLE,day,int,Impala ODBC,100
forecast_user,forecast_user,forecast_equivalence_weeks_h,TABLE,month,int,Impala ODBC,100
forecast_user,forecast_user,forecast_equivalence_weeks_h,TABLE,ts_insert_dlk,timestamp,Impala ODBC,100
forecast_user,forecast_user,forecast_equivalence_weeks_h,TABLE,ts_update_dlk,timestamp,Impala ODBC,100
forecast_user,forecast_user,forecast_equivalence_weeks_h,TABLE,user_insert_dlk,string,Impala ODBC,100
forecast_user,forecast_user,forecast_equivalence_weeks_h,TABLE,user_update_dlk,string,Impala ODBC,100
forecast_user,forecast_user,forecast_equivalence_weeks_h,TABLE,week_calculate,int,Impala ODBC,100
forecast_user,forecast_user,forecast_equivalence_weeks_h,TABLE,week_mirror,int,Impala ODBC,100
forecast_user,forecast_user,forecast_equivalence_weeks_h,TABLE,year,int,Impala ODBC,100
forecast_user,forecast_user,forecast_equivalence_weeks_h,TABLE,year_calculate,int,Impala ODBC,100
forecast_user,forecast_user,forecast_equivalence_weeks_h,TABLE,year_mirror,int,Impala ODBC,100
forecast_user,forecast_user,forecast_exploded_seasonal_profile,TABLE,family,string,Impala ODBC,100
forecast_user,forecast_user,forecast_exploded_seasonal_profile,TABLE,family_group,string,Impala ODBC,100
forecast_user,forecast_user,forecast_exploded_seasonal_profile,TABLE,family_group_vtext,string,Impala ODBC,100
forecast_user,forecast_user,forecast_exploded_seasonal_profile,TABLE,family_vtext,string,Impala ODBC,100
forecast_user,forecast_user,forecast_exploded_seasonal_profile,TABLE,id_profile,string,Impala ODBC,100
forecast_user,forecast_user,forecast_exploded_seasonal_profile,TABLE,matnr,string,Impala ODBC,100
forecast_user,forecast_user,forecast_exploded_seasonal_profile,TABLE,matnr_vtext,string,Impala ODBC,100
forecast_user,forecast_user,forecast_exploded_seasonal_profile,TABLE,profile_vtext,string,Impala ODBC,100
forecast_user,forecast_user,forecast_exploded_seasonal_profile,TABLE,seasonal_mark,string,Impala ODBC,100
forecast_user,forecast_user,forecast_exploded_seasonal_profile,TABLE,seasonal_mark_vtext,string,Impala ODBC,100
forecast_user,forecast_user,forecast_exploded_seasonal_profile,TABLE,section,string,Impala ODBC,100
forecast_user,forecast_user,forecast_exploded_seasonal_profile,TABLE,section_vtext,string,Impala ODBC,100
forecast_user,forecast_user,forecast_exploded_seasonal_profile,TABLE,sector,string,Impala ODBC,100
forecast_user,forecast_user,forecast_exploded_seasonal_profile,TABLE,sector_vtext,string,Impala ODBC,100
forecast_user,forecast_user,forecast_exploded_seasonal_profile,TABLE,subfamily,string,Impala ODBC,100
forecast_user,forecast_user,forecast_exploded_seasonal_profile,TABLE,subfamily_vtext,string,Impala ODBC,100
forecast_user,forecast_user,forecast_exploded_seasonal_profile,TABLE,ts_insert_dlk,timestamp,Impala ODBC,100
forecast_user,forecast_user,forecast_exploded_seasonal_profile,TABLE,ts_update_dlk,timestamp,Impala ODBC,100
forecast_user,forecast_user,forecast_exploded_seasonal_profile,TABLE,user_insert_dlk,string,Impala ODBC,100
forecast_user,forecast_user,forecast_exploded_seasonal_profile,TABLE,user_update_dlk,string,Impala ODBC,100
forecast_user,forecast_user,forecast_exploded_seasonal_profile,TABLE,vtweg,string,Impala ODBC,100
forecast_user,forecast_user,forecast_exploded_seasonal_profile,TABLE,vtweg_vtext,string,Impala ODBC,100
forecast_user,forecast_user,forecast_exploded_seasonal_profile,TABLE,werks,string,Impala ODBC,100
forecast_user,forecast_user,forecast_exploded_seasonal_profile,TABLE,werks_apro,string,Impala ODBC,100
forecast_user,forecast_user,forecast_exploded_seasonal_profile,TABLE,werks_vtext,string,Impala ODBC,100
forecast_user,forecast_user,forecast_exploded_seasonal_profile,TABLE,year_calculation,int,Impala ODBC,100
forecast_user,forecast_user,forecast_exploded_seasonal_profile,TABLE,year_mirror,int,Impala ODBC,100
forecast_user,forecast_user,forecast_gold_file_h,TABLE,#,Partition,Impala ODBC,100
forecast_user,forecast_user,forecast_gold_file_h,TABLE,day,int,Impala ODBC,100
forecast_user,forecast_user,forecast_gold_file_h,TABLE,ipjcanal,string,Impala ODBC,100
forecast_user,forecast_user,forecast_gold_file_h,TABLE,ipjcexr,string,Impala ODBC,100
forecast_user,forecast_user,forecast_gold_file_h,TABLE,ipjcexv,string,Impala ODBC,100
forecast_user,forecast_user,forecast_gold_file_h,TABLE,ipjcexvl,string,Impala ODBC,100
forecast_user,forecast_user,forecast_gold_file_h,TABLE,ipjcomm,string,Impala ODBC,100
forecast_user,forecast_user,forecast_gold_file_h,TABLE,ipjdcre,string,Impala ODBC,100
forecast_user,forecast_user,forecast_gold_file_h,TABLE,ipjderraj,string,Impala ODBC,100
forecast_user,forecast_user,forecast_gold_file_h,TABLE,ipjdmaj,string,Impala ODBC,100
forecast_user,forecast_user,forecast_gold_file_h,TABLE,ipjdtrt,string,Impala ODBC,100
forecast_user,forecast_user,forecast_gold_file_h,TABLE,ipjerras,string,Impala ODBC,100
forecast_user,forecast_user,forecast_gold_file_h,TABLE,ipjfich,string,Impala ODBC,100
forecast_user,forecast_user,forecast_gold_file_h,TABLE,ipjflux,string,Impala ODBC,100
forecast_user,forecast_user,forecast_gold_file_h,TABLE,ipjmess,string,Impala ODBC,100
forecast_user,forecast_user,forecast_gold_file_h,TABLE,ipjnerr,string,Impala ODBC,100
forecast_user,forecast_user,forecast_gold_file_h,TABLE,ipjnlig,string,Impala ODBC,100
forecast_user,forecast_user,forecast_gold_file_h,TABLE,ipjnsem,string,Impala ODBC,100
forecast_user,forecast_user,forecast_gold_file_h,TABLE,ipjprevj1,string,Impala ODBC,100
forecast_user,forecast_user,forecast_gold_file_h,TABLE,ipjprevj2,string,Impala ODBC,100
forecast_user,forecast_user,forecast_gold_file_h,TABLE,ipjprevj3,string,Impala ODBC,100
forecast_user,forecast_user,forecast_gold_file_h,TABLE,ipjprevj4,string,Impala ODBC,100
forecast_user,forecast_user,forecast_gold_file_h,TABLE,ipjprevj5,string,Impala ODBC,100
forecast_user,forecast_user,forecast_gold_file_h,TABLE,ipjprevj6,string,Impala ODBC,100
forecast_user,forecast_user,forecast_gold_file_h,TABLE,ipjprevj7,string,Impala ODBC,100
forecast_user,forecast_user,forecast_gold_file_h,TABLE,ipjprevs,string,Impala ODBC,100
forecast_user,forecast_user,forecast_gold_file_h,TABLE,ipjsite,string,Impala ODBC,100
forecast_user,forecast_user,forecast_gold_file_h,TABLE,ipjtrt,string,Impala ODBC,100
forecast_user,forecast_user,forecast_gold_file_h,TABLE,ipjtypvl,string,Impala ODBC,100
forecast_user,forecast_user,forecast_gold_file_h,TABLE,ipjutil,string,Impala ODBC,100
forecast_user,forecast_user,forecast_gold_file_h,TABLE,month,int,Impala ODBC,100
forecast_user,forecast_user,forecast_gold_file_h,TABLE,ts_insert_dlk,timestamp,Impala ODBC,100
forecast_user,forecast_user,forecast_gold_file_h,TABLE,ts_update_dlk,timestamp,Impala ODBC,100
forecast_user,forecast_user,forecast_gold_file_h,TABLE,user_insert_dlk,string,Impala ODBC,100
forecast_user,forecast_user,forecast_gold_file_h,TABLE,user_update_dlk,string,Impala ODBC,100
forecast_user,forecast_user,forecast_gold_file_h,TABLE,year,int,Impala ODBC,100
forecast_user,forecast_user,forecast_imposed_front_rates,TABLE,created_by,string,Impala ODBC,100
forecast_user,forecast_user,forecast_imposed_front_rates,TABLE,creation_date,timestamp,Impala ODBC,100
forecast_user,forecast_user,forecast_imposed_front_rates,TABLE,daily_rate,double,Impala ODBC,100
forecast_user,forecast_user,forecast_imposed_front_rates,TABLE,date_sale,timestamp,Impala ODBC,100
forecast_user,forecast_user,forecast_imposed_front_rates,TABLE,matnr,string,Impala ODBC,100
forecast_user,forecast_user,forecast_imposed_front_rates,TABLE,seasonal_rate,double,Impala ODBC,100
forecast_user,forecast_user,forecast_imposed_front_rates,TABLE,ts_insert_dlk,timestamp,Impala ODBC,100
forecast_user,forecast_user,forecast_imposed_front_rates,TABLE,ts_update_dlk,timestamp,Impala ODBC,100
forecast_user,forecast_user,forecast_imposed_front_rates,TABLE,update_date,timestamp,Impala ODBC,100
forecast_user,forecast_user,forecast_imposed_front_rates,TABLE,updated_by,string,Impala ODBC,100
forecast_user,forecast_user,forecast_imposed_front_rates,TABLE,user_insert_dlk,string,Impala ODBC,100
forecast_user,forecast_user,forecast_imposed_front_rates,TABLE,user_update_dlk,string,Impala ODBC,100
forecast_user,forecast_user,forecast_imposed_front_rates,TABLE,werks,string,Impala ODBC,100
forecast_user,forecast_user,forecast_imposed_ip,TABLE,des_family,string,Impala ODBC,100
forecast_user,forecast_user,forecast_imposed_ip,TABLE,des_family_group,string,Impala ODBC,100
forecast_user,forecast_user,forecast_imposed_ip,TABLE,des_matnr,string,Impala ODBC,100
forecast_user,forecast_user,forecast_imposed_ip,TABLE,des_section,string,Impala ODBC,100
forecast_user,forecast_user,forecast_imposed_ip,TABLE,des_sector,string,Impala ODBC,100
forecast_user,forecast_user,forecast_imposed_ip,TABLE,des_subfamily,string,Impala ODBC,100
forecast_user,forecast_user,forecast_imposed_ip,TABLE,des_vtweg,string,Impala ODBC,100
forecast_user,forecast_user,forecast_imposed_ip,TABLE,des_werks,string,Impala ODBC,100
forecast_user,forecast_user,forecast_imposed_ip,TABLE,end_date,timestamp,Impala ODBC,100
forecast_user,forecast_user,forecast_imposed_ip,TABLE,family,string,Impala ODBC,100
forecast_user,forecast_user,forecast_imposed_ip,TABLE,family_group,string,Impala ODBC,100
forecast_user,forecast_user,forecast_imposed_ip,TABLE,id_promo,string,Impala ODBC,100
forecast_user,forecast_user,forecast_imposed_ip,TABLE,init_date,timestamp,Impala ODBC,100
forecast_user,forecast_user,forecast_imposed_ip,TABLE,ip,double,Impala ODBC,100
forecast_user,forecast_user,forecast_imposed_ip,TABLE,matnr,string,Impala ODBC,100
forecast_user,forecast_user,forecast_imposed_ip,TABLE,section,string,Impala ODBC,100
forecast_user,forecast_user,forecast_imposed_ip,TABLE,sector,string,Impala ODBC,100
forecast_user,forecast_user,forecast_imposed_ip,TABLE,subfamily,string,Impala ODBC,100
forecast_user,forecast_user,forecast_imposed_ip,TABLE,ts_insert_dlk,timestamp,Impala ODBC,100
forecast_user,forecast_user,forecast_imposed_ip,TABLE,ts_update_dlk,timestamp,Impala ODBC,100
forecast_user,forecast_user,forecast_imposed_ip,TABLE,user_insert_dlk,string,Impala ODBC,100
forecast_user,forecast_user,forecast_imposed_ip,TABLE,user_update_dlk,string,Impala ODBC,100
forecast_user,forecast_user,forecast_imposed_ip,TABLE,vtweg,string,Impala ODBC,100
forecast_user,forecast_user,forecast_imposed_ip,TABLE,werks,string,Impala ODBC,100
forecast_user,forecast_user,forecast_master_alt_features,TABLE,feature_description,string,Impala ODBC,100
forecast_user,forecast_user,forecast_master_alt_features,TABLE,feature_name,string,Impala ODBC,100
forecast_user,forecast_user,forecast_master_alt_features,TABLE,id_feature,string,Impala ODBC,100
forecast_user,forecast_user,forecast_master_alt_features,TABLE,ts_insert_dlk,timestamp,Impala ODBC,100
forecast_user,forecast_user,forecast_master_alt_features,TABLE,ts_update_dlk,timestamp,Impala ODBC,100
forecast_user,forecast_user,forecast_master_alt_features,TABLE,user_insert_dlk,string,Impala ODBC,100
forecast_user,forecast_user,forecast_master_alt_features,TABLE,user_update_dlk,string,Impala ODBC,100
forecast_user,forecast_user,forecast_model_types_master,TABLE,description,string,Impala ODBC,100
forecast_user,forecast_user,forecast_model_types_master,TABLE,model_type,smallint,Impala ODBC,100
forecast_user,forecast_user,forecast_model_types_master,TABLE,ts_insert_dlk,timestamp,Impala ODBC,100
forecast_user,forecast_user,forecast_model_types_master,TABLE,ts_update_dlk,timestamp,Impala ODBC,100
forecast_user,forecast_user,forecast_model_types_master,TABLE,user_insert_dlk,string,Impala ODBC,100
forecast_user,forecast_user,forecast_model_types_master,TABLE,user_update_dlk,string,Impala ODBC,100
forecast_user,forecast_user,forecast_promotional_forecast,TABLE,#,Partition,Impala ODBC,100
forecast_user,forecast_user,forecast_promotional_forecast,TABLE,date_sale,timestamp,Impala ODBC,100
forecast_user,forecast_user,forecast_promotional_forecast,TABLE,day,int,Impala ODBC,100
forecast_user,forecast_user,forecast_promotional_forecast,TABLE,id_mechanics,string,Impala ODBC,100
forecast_user,forecast_user,forecast_promotional_forecast,TABLE,id_promo,string,Impala ODBC,100
forecast_user,forecast_user,forecast_promotional_forecast,TABLE,matnr,string,Impala ODBC,100
forecast_user,forecast_user,forecast_promotional_forecast,TABLE,month,int,Impala ODBC,100
forecast_user,forecast_user,forecast_promotional_forecast,TABLE,promo_sales_forecast,double,Impala ODBC,100
forecast_user,forecast_user,forecast_promotional_forecast,TABLE,promotional_index,double,Impala ODBC,100
forecast_user,forecast_user,forecast_promotional_forecast,TABLE,ts_insert_dlk,timestamp,Impala ODBC,100
forecast_user,forecast_user,forecast_promotional_forecast,TABLE,ts_update_dlk,timestamp,Impala ODBC,100
forecast_user,forecast_user,forecast_promotional_forecast,TABLE,user_insert_dlk,string,Impala ODBC,100
forecast_user,forecast_user,forecast_promotional_forecast,TABLE,user_update_dlk,string,Impala ODBC,100
forecast_user,forecast_user,forecast_promotional_forecast,TABLE,werks,string,Impala ODBC,100
forecast_user,forecast_user,forecast_promotional_forecast,TABLE,year,int,Impala ODBC,100
forecast_user,forecast_user,forecast_promotional_forecast_h,TABLE,#,Partition,Impala ODBC,100
forecast_user,forecast_user,forecast_promotional_forecast_h,TABLE,date_sale,timestamp,Impala ODBC,100
forecast_user,forecast_user,forecast_promotional_forecast_h,TABLE,day,int,Impala ODBC,100
forecast_user,forecast_user,forecast_promotional_forecast_h,TABLE,id_mechanics,string,Impala ODBC,100
forecast_user,forecast_user,forecast_promotional_forecast_h,TABLE,id_promo,string,Impala ODBC,100
forecast_user,forecast_user,forecast_promotional_forecast_h,TABLE,matnr,string,Impala ODBC,100
forecast_user,forecast_user,forecast_promotional_forecast_h,TABLE,month,int,Impala ODBC,100
forecast_user,forecast_user,forecast_promotional_forecast_h,TABLE,promo_sales_forecast,double,Impala ODBC,100
forecast_user,forecast_user,forecast_promotional_forecast_h,TABLE,promotional_index,double,Impala ODBC,100
forecast_user,forecast_user,forecast_promotional_forecast_h,TABLE,ts_insert_dlk,timestamp,Impala ODBC,100
forecast_user,forecast_user,forecast_promotional_forecast_h,TABLE,ts_update_dlk,timestamp,Impala ODBC,100
forecast_user,forecast_user,forecast_promotional_forecast_h,TABLE,user_insert_dlk,string,Impala ODBC,100
forecast_user,forecast_user,forecast_promotional_forecast_h,TABLE,user_update_dlk,string,Impala ODBC,100
forecast_user,forecast_user,forecast_promotional_forecast_h,TABLE,werks,string,Impala ODBC,100
forecast_user,forecast_user,forecast_promotional_forecast_h,TABLE,year,int,Impala ODBC,100
forecast_user,forecast_user,forecast_promotional_index_h,TABLE,#,Partition,Impala ODBC,100
forecast_user,forecast_user,forecast_promotional_index_h,TABLE,day,int,Impala ODBC,100
forecast_user,forecast_user,forecast_promotional_index_h,TABLE,end_date_promo,timestamp,Impala ODBC,100
forecast_user,forecast_user,forecast_promotional_index_h,TABLE,end_date_stretch,timestamp,Impala ODBC,100
forecast_user,forecast_user,forecast_promotional_index_h,TABLE,global_promotional_index,double,Impala ODBC,100
forecast_user,forecast_user,forecast_promotional_index_h,TABLE,id_mechanics,string,Impala ODBC,100
forecast_user,forecast_user,forecast_promotional_index_h,TABLE,id_promo,string,Impala ODBC,100
forecast_user,forecast_user,forecast_promotional_index_h,TABLE,id_stretch,int,Impala ODBC,100
forecast_user,forecast_user,forecast_promotional_index_h,TABLE,matnr,string,Impala ODBC,100
forecast_user,forecast_user,forecast_promotional_index_h,TABLE,month,int,Impala ODBC,100
forecast_user,forecast_user,forecast_promotional_index_h,TABLE,promotional_index,double,Impala ODBC,100
forecast_user,forecast_user,forecast_promotional_index_h,TABLE,start_date_promo,timestamp,Impala ODBC,100
forecast_user,forecast_user,forecast_promotional_index_h,TABLE,start_date_stretch,timestamp,Impala ODBC,100
forecast_user,forecast_user,forecast_promotional_index_h,TABLE,ts_insert_dlk,timestamp,Impala ODBC,100
forecast_user,forecast_user,forecast_promotional_index_h,TABLE,ts_update_dlk,timestamp,Impala ODBC,100
forecast_user,forecast_user,forecast_promotional_index_h,TABLE,user_insert_dlk,string,Impala ODBC,100
forecast_user,forecast_user,forecast_promotional_index_h,TABLE,user_update_dlk,string,Impala ODBC,100
forecast_user,forecast_user,forecast_promotional_index_h,TABLE,werks,string,Impala ODBC,100
forecast_user,forecast_user,forecast_promotional_index_h,TABLE,year,int,Impala ODBC,100
forecast_user,forecast_user,forecast_proposal_seasonal_rate,TABLE,id_profile,string,Impala ODBC,100
forecast_user,forecast_user,forecast_proposal_seasonal_rate,TABLE,profile_vtext,string,Impala ODBC,100
forecast_user,forecast_user,forecast_proposal_seasonal_rate,TABLE,seasonal_rate_week1,double,Impala ODBC,100
forecast_user,forecast_user,forecast_proposal_seasonal_rate,TABLE,seasonal_rate_week10,double,Impala ODBC,100
forecast_user,forecast_user,forecast_proposal_seasonal_rate,TABLE,seasonal_rate_week11,double,Impala ODBC,100
forecast_user,forecast_user,forecast_proposal_seasonal_rate,TABLE,seasonal_rate_week12,double,Impala ODBC,100
forecast_user,forecast_user,forecast_proposal_seasonal_rate,TABLE,seasonal_rate_week13,double,Impala ODBC,100
forecast_user,forecast_user,forecast_proposal_seasonal_rate,TABLE,seasonal_rate_week14,double,Impala ODBC,100
forecast_user,forecast_user,forecast_proposal_seasonal_rate,TABLE,seasonal_rate_week15,double,Impala ODBC,100
forecast_user,forecast_user,forecast_proposal_seasonal_rate,TABLE,seasonal_rate_week16,double,Impala ODBC,100
forecast_user,forecast_user,forecast_proposal_seasonal_rate,TABLE,seasonal_rate_week17,double,Impala ODBC,100
forecast_user,forecast_user,forecast_proposal_seasonal_rate,TABLE,seasonal_rate_week18,double,Impala ODBC,100
forecast_user,forecast_user,forecast_proposal_seasonal_rate,TABLE,seasonal_rate_week19,double,Impala ODBC,100
forecast_user,forecast_user,forecast_proposal_seasonal_rate,TABLE,seasonal_rate_week2,double,Impala ODBC,100
forecast_user,forecast_user,forecast_proposal_seasonal_rate,TABLE,seasonal_rate_week20,double,Impala ODBC,100
forecast_user,forecast_user,forecast_proposal_seasonal_rate,TABLE,seasonal_rate_week21,double,Impala ODBC,100
forecast_user,forecast_user,forecast_proposal_seasonal_rate,TABLE,seasonal_rate_week22,double,Impala ODBC,100
forecast_user,forecast_user,forecast_proposal_seasonal_rate,TABLE,seasonal_rate_week23,double,Impala ODBC,100
forecast_user,forecast_user,forecast_proposal_seasonal_rate,TABLE,seasonal_rate_week24,double,Impala ODBC,100
forecast_user,forecast_user,forecast_proposal_seasonal_rate,TABLE,seasonal_rate_week25,double,Impala ODBC,100
forecast_user,forecast_user,forecast_proposal_seasonal_rate,TABLE,seasonal_rate_week26,double,Impala ODBC,100
forecast_user,forecast_user,forecast_proposal_seasonal_rate,TABLE,seasonal_rate_week27,double,Impala ODBC,100
forecast_user,forecast_user,forecast_proposal_seasonal_rate,TABLE,seasonal_rate_week28,double,Impala ODBC,100
forecast_user,forecast_user,forecast_proposal_seasonal_rate,TABLE,seasonal_rate_week29,double,Impala ODBC,100
forecast_user,forecast_user,forecast_proposal_seasonal_rate,TABLE,seasonal_rate_week3,double,Impala ODBC,100
forecast_user,forecast_user,forecast_proposal_seasonal_rate,TABLE,seasonal_rate_week30,double,Impala ODBC,100
forecast_user,forecast_user,forecast_proposal_seasonal_rate,TABLE,seasonal_rate_week31,double,Impala ODBC,100
forecast_user,forecast_user,forecast_proposal_seasonal_rate,TABLE,seasonal_rate_week32,double,Impala ODBC,100
forecast_user,forecast_user,forecast_proposal_seasonal_rate,TABLE,seasonal_rate_week33,double,Impala ODBC,100
forecast_user,forecast_user,forecast_proposal_seasonal_rate,TABLE,seasonal_rate_week34,double,Impala ODBC,100
forecast_user,forecast_user,forecast_proposal_seasonal_rate,TABLE,seasonal_rate_week35,double,Impala ODBC,100
forecast_user,forecast_user,forecast_proposal_seasonal_rate,TABLE,seasonal_rate_week36,double,Impala ODBC,100
forecast_user,forecast_user,forecast_proposal_seasonal_rate,TABLE,seasonal_rate_week37,double,Impala ODBC,100
forecast_user,forecast_user,forecast_proposal_seasonal_rate,TABLE,seasonal_rate_week38,double,Impala ODBC,100
forecast_user,forecast_user,forecast_proposal_seasonal_rate,TABLE,seasonal_rate_week39,double,Impala ODBC,100
forecast_user,forecast_user,forecast_proposal_seasonal_rate,TABLE,seasonal_rate_week4,double,Impala ODBC,100
forecast_user,forecast_user,forecast_proposal_seasonal_rate,TABLE,seasonal_rate_week40,double,Impala ODBC,100
forecast_user,forecast_user,forecast_proposal_seasonal_rate,TABLE,seasonal_rate_week41,double,Impala ODBC,100
forecast_user,forecast_user,forecast_proposal_seasonal_rate,TABLE,seasonal_rate_week42,double,Impala ODBC,100
forecast_user,forecast_user,forecast_proposal_seasonal_rate,TABLE,seasonal_rate_week43,double,Impala ODBC,100
forecast_user,forecast_user,forecast_proposal_seasonal_rate,TABLE,seasonal_rate_week44,double,Impala ODBC,100
forecast_user,forecast_user,forecast_proposal_seasonal_rate,TABLE,seasonal_rate_week45,double,Impala ODBC,100
forecast_user,forecast_user,forecast_proposal_seasonal_rate,TABLE,seasonal_rate_week46,double,Impala ODBC,100
forecast_user,forecast_user,forecast_proposal_seasonal_rate,TABLE,seasonal_rate_week47,double,Impala ODBC,100
forecast_user,forecast_user,forecast_proposal_seasonal_rate,TABLE,seasonal_rate_week48,double,Impala ODBC,100
forecast_user,forecast_user,forecast_proposal_seasonal_rate,TABLE,seasonal_rate_week49,double,Impala ODBC,100
forecast_user,forecast_user,forecast_proposal_seasonal_rate,TABLE,seasonal_rate_week5,double,Impala ODBC,100
forecast_user,forecast_user,forecast_proposal_seasonal_rate,TABLE,seasonal_rate_week50,double,Impala ODBC,100
forecast_user,forecast_user,forecast_proposal_seasonal_rate,TABLE,seasonal_rate_week51,double,Impala ODBC,100
forecast_user,forecast_user,forecast_proposal_seasonal_rate,TABLE,seasonal_rate_week52,double,Impala ODBC,100
forecast_user,forecast_user,forecast_proposal_seasonal_rate,TABLE,seasonal_rate_week53,double,Impala ODBC,100
forecast_user,forecast_user,forecast_proposal_seasonal_rate,TABLE,seasonal_rate_week6,double,Impala ODBC,100
forecast_user,forecast_user,forecast_proposal_seasonal_rate,TABLE,seasonal_rate_week7,double,Impala ODBC,100
forecast_user,forecast_user,forecast_proposal_seasonal_rate,TABLE,seasonal_rate_week8,double,Impala ODBC,100
forecast_user,forecast_user,forecast_proposal_seasonal_rate,TABLE,seasonal_rate_week9,double,Impala ODBC,100
forecast_user,forecast_user,forecast_proposal_seasonal_rate,TABLE,ts_insert_dlk,timestamp,Impala ODBC,100
forecast_user,forecast_user,forecast_proposal_seasonal_rate,TABLE,ts_update_dlk,timestamp,Impala ODBC,100
forecast_user,forecast_user,forecast_proposal_seasonal_rate,TABLE,user_insert_dlk,string,Impala ODBC,100
forecast_user,forecast_user,forecast_proposal_seasonal_rate,TABLE,user_update_dlk,string,Impala ODBC,100
forecast_user,forecast_user,forecast_proposal_seasonal_rate,TABLE,year_calculation,int,Impala ODBC,100
forecast_user,forecast_user,forecast_proposal_seasonal_rate_h,TABLE,#,Partition,Impala ODBC,100
forecast_user,forecast_user,forecast_proposal_seasonal_rate_h,TABLE,day,int,Impala ODBC,100
forecast_user,forecast_user,forecast_proposal_seasonal_rate_h,TABLE,id_profile,string,Impala ODBC,100
forecast_user,forecast_user,forecast_proposal_seasonal_rate_h,TABLE,month,int,Impala ODBC,100
forecast_user,forecast_user,forecast_proposal_seasonal_rate_h,TABLE,profile_vtext,string,Impala ODBC,100
forecast_user,forecast_user,forecast_proposal_seasonal_rate_h,TABLE,seasonal_rate_week1,double,Impala ODBC,100
forecast_user,forecast_user,forecast_proposal_seasonal_rate_h,TABLE,seasonal_rate_week10,double,Impala ODBC,100
forecast_user,forecast_user,forecast_proposal_seasonal_rate_h,TABLE,seasonal_rate_week11,double,Impala ODBC,100
forecast_user,forecast_user,forecast_proposal_seasonal_rate_h,TABLE,seasonal_rate_week12,double,Impala ODBC,100
forecast_user,forecast_user,forecast_proposal_seasonal_rate_h,TABLE,seasonal_rate_week13,double,Impala ODBC,100
forecast_user,forecast_user,forecast_proposal_seasonal_rate_h,TABLE,seasonal_rate_week14,double,Impala ODBC,100
forecast_user,forecast_user,forecast_proposal_seasonal_rate_h,TABLE,seasonal_rate_week15,double,Impala ODBC,100
forecast_user,forecast_user,forecast_proposal_seasonal_rate_h,TABLE,seasonal_rate_week16,double,Impala ODBC,100
forecast_user,forecast_user,forecast_proposal_seasonal_rate_h,TABLE,seasonal_rate_week17,double,Impala ODBC,100
forecast_user,forecast_user,forecast_proposal_seasonal_rate_h,TABLE,seasonal_rate_week18,double,Impala ODBC,100
forecast_user,forecast_user,forecast_proposal_seasonal_rate_h,TABLE,seasonal_rate_week19,double,Impala ODBC,100
forecast_user,forecast_user,forecast_proposal_seasonal_rate_h,TABLE,seasonal_rate_week2,double,Impala ODBC,100
forecast_user,forecast_user,forecast_proposal_seasonal_rate_h,TABLE,seasonal_rate_week20,double,Impala ODBC,100
forecast_user,forecast_user,forecast_proposal_seasonal_rate_h,TABLE,seasonal_rate_week21,double,Impala ODBC,100
forecast_user,forecast_user,forecast_proposal_seasonal_rate_h,TABLE,seasonal_rate_week22,double,Impala ODBC,100
forecast_user,forecast_user,forecast_proposal_seasonal_rate_h,TABLE,seasonal_rate_week23,double,Impala ODBC,100
forecast_user,forecast_user,forecast_proposal_seasonal_rate_h,TABLE,seasonal_rate_week24,double,Impala ODBC,100
forecast_user,forecast_user,forecast_proposal_seasonal_rate_h,TABLE,seasonal_rate_week25,double,Impala ODBC,100
forecast_user,forecast_user,forecast_proposal_seasonal_rate_h,TABLE,seasonal_rate_week26,double,Impala ODBC,100
forecast_user,forecast_user,forecast_proposal_seasonal_rate_h,TABLE,seasonal_rate_week27,double,Impala ODBC,100
forecast_user,forecast_user,forecast_proposal_seasonal_rate_h,TABLE,seasonal_rate_week28,double,Impala ODBC,100
forecast_user,forecast_user,forecast_proposal_seasonal_rate_h,TABLE,seasonal_rate_week29,double,Impala ODBC,100
forecast_user,forecast_user,forecast_proposal_seasonal_rate_h,TABLE,seasonal_rate_week3,double,Impala ODBC,100
forecast_user,forecast_user,forecast_proposal_seasonal_rate_h,TABLE,seasonal_rate_week30,double,Impala ODBC,100
forecast_user,forecast_user,forecast_proposal_seasonal_rate_h,TABLE,seasonal_rate_week31,double,Impala ODBC,100
forecast_user,forecast_user,forecast_proposal_seasonal_rate_h,TABLE,seasonal_rate_week32,double,Impala ODBC,100
forecast_user,forecast_user,forecast_proposal_seasonal_rate_h,TABLE,seasonal_rate_week33,double,Impala ODBC,100
forecast_user,forecast_user,forecast_proposal_seasonal_rate_h,TABLE,seasonal_rate_week34,double,Impala ODBC,100
forecast_user,forecast_user,forecast_proposal_seasonal_rate_h,TABLE,seasonal_rate_week35,double,Impala ODBC,100
forecast_user,forecast_user,forecast_proposal_seasonal_rate_h,TABLE,seasonal_rate_week36,double,Impala ODBC,100
forecast_user,forecast_user,forecast_proposal_seasonal_rate_h,TABLE,seasonal_rate_week37,double,Impala ODBC,100
forecast_user,forecast_user,forecast_proposal_seasonal_rate_h,TABLE,seasonal_rate_week38,double,Impala ODBC,100
forecast_user,forecast_user,forecast_proposal_seasonal_rate_h,TABLE,seasonal_rate_week39,double,Impala ODBC,100
forecast_user,forecast_user,forecast_proposal_seasonal_rate_h,TABLE,seasonal_rate_week4,double,Impala ODBC,100
forecast_user,forecast_user,forecast_proposal_seasonal_rate_h,TABLE,seasonal_rate_week40,double,Impala ODBC,100
forecast_user,forecast_user,forecast_proposal_seasonal_rate_h,TABLE,seasonal_rate_week41,double,Impala ODBC,100
forecast_user,forecast_user,forecast_proposal_seasonal_rate_h,TABLE,seasonal_rate_week42,double,Impala ODBC,100
forecast_user,forecast_user,forecast_proposal_seasonal_rate_h,TABLE,seasonal_rate_week43,double,Impala ODBC,100
forecast_user,forecast_user,forecast_proposal_seasonal_rate_h,TABLE,seasonal_rate_week44,double,Impala ODBC,100
forecast_user,forecast_user,forecast_proposal_seasonal_rate_h,TABLE,seasonal_rate_week45,double,Impala ODBC,100
forecast_user,forecast_user,forecast_proposal_seasonal_rate_h,TABLE,seasonal_rate_week46,double,Impala ODBC,100
forecast_user,forecast_user,forecast_proposal_seasonal_rate_h,TABLE,seasonal_rate_week47,double,Impala ODBC,100
forecast_user,forecast_user,forecast_proposal_seasonal_rate_h,TABLE,seasonal_rate_week48,double,Impala ODBC,100
forecast_user,forecast_user,forecast_proposal_seasonal_rate_h,TABLE,seasonal_rate_week49,double,Impala ODBC,100
forecast_user,forecast_user,forecast_proposal_seasonal_rate_h,TABLE,seasonal_rate_week5,double,Impala ODBC,100
forecast_user,forecast_user,forecast_proposal_seasonal_rate_h,TABLE,seasonal_rate_week50,double,Impala ODBC,100
forecast_user,forecast_user,forecast_proposal_seasonal_rate_h,TABLE,seasonal_rate_week51,double,Impala ODBC,100
forecast_user,forecast_user,forecast_proposal_seasonal_rate_h,TABLE,seasonal_rate_week52,double,Impala ODBC,100
forecast_user,forecast_user,forecast_proposal_seasonal_rate_h,TABLE,seasonal_rate_week53,double,Impala ODBC,100
forecast_user,forecast_user,forecast_proposal_seasonal_rate_h,TABLE,seasonal_rate_week6,double,Impala ODBC,100
forecast_user,forecast_user,forecast_proposal_seasonal_rate_h,TABLE,seasonal_rate_week7,double,Impala ODBC,100
forecast_user,forecast_user,forecast_proposal_seasonal_rate_h,TABLE,seasonal_rate_week8,double,Impala ODBC,100
forecast_user,forecast_user,forecast_proposal_seasonal_rate_h,TABLE,seasonal_rate_week9,double,Impala ODBC,100
forecast_user,forecast_user,forecast_proposal_seasonal_rate_h,TABLE,ts_insert_dlk,timestamp,Impala ODBC,100
forecast_user,forecast_user,forecast_proposal_seasonal_rate_h,TABLE,ts_update_dlk,timestamp,Impala ODBC,100
forecast_user,forecast_user,forecast_proposal_seasonal_rate_h,TABLE,user_insert_dlk,string,Impala ODBC,100
forecast_user,forecast_user,forecast_proposal_seasonal_rate_h,TABLE,user_update_dlk,string,Impala ODBC,100
forecast_user,forecast_user,forecast_proposal_seasonal_rate_h,TABLE,year,int,Impala ODBC,100
forecast_user,forecast_user,forecast_proposal_seasonal_rate_h,TABLE,year_calculation,int,Impala ODBC,100
forecast_user,forecast_user,forecast_rates_arbitrary_c4model,TABLE,#,Partition,Impala ODBC,100
forecast_user,forecast_user,forecast_rates_arbitrary_c4model,TABLE,arbitrary_rate,double,Impala ODBC,100
forecast_user,forecast_user,forecast_rates_arbitrary_c4model,TABLE,date_sale,timestamp,Impala ODBC,100
forecast_user,forecast_user,forecast_rates_arbitrary_c4model,TABLE,day,int,Impala ODBC,100
forecast_user,forecast_user,forecast_rates_arbitrary_c4model,TABLE,matnr,string,Impala ODBC,100
forecast_user,forecast_user,forecast_rates_arbitrary_c4model,TABLE,month,int,Impala ODBC,100
forecast_user,forecast_user,forecast_rates_arbitrary_c4model,TABLE,ts_insert_dlk,timestamp,Impala ODBC,100
forecast_user,forecast_user,forecast_rates_arbitrary_c4model,TABLE,ts_update_dlk,timestamp,Impala ODBC,100
forecast_user,forecast_user,forecast_rates_arbitrary_c4model,TABLE,user_insert_dlk,string,Impala ODBC,100
forecast_user,forecast_user,forecast_rates_arbitrary_c4model,TABLE,user_update_dlk,string,Impala ODBC,100
forecast_user,forecast_user,forecast_rates_arbitrary_c4model,TABLE,werks,string,Impala ODBC,100
forecast_user,forecast_user,forecast_rates_arbitrary_c4model,TABLE,year,int,Impala ODBC,100
forecast_user,forecast_user,forecast_rates_arbitrary_c4model_h,TABLE,#,Partition,Impala ODBC,100
forecast_user,forecast_user,forecast_rates_arbitrary_c4model_h,TABLE,arbitrary_rate,double,Impala ODBC,100
forecast_user,forecast_user,forecast_rates_arbitrary_c4model_h,TABLE,date_sale,timestamp,Impala ODBC,100
forecast_user,forecast_user,forecast_rates_arbitrary_c4model_h,TABLE,day,int,Impala ODBC,100
forecast_user,forecast_user,forecast_rates_arbitrary_c4model_h,TABLE,matnr,string,Impala ODBC,100
forecast_user,forecast_user,forecast_rates_arbitrary_c4model_h,TABLE,month,int,Impala ODBC,100
forecast_user,forecast_user,forecast_rates_arbitrary_c4model_h,TABLE,ts_insert_dlk,timestamp,Impala ODBC,100
forecast_user,forecast_user,forecast_rates_arbitrary_c4model_h,TABLE,ts_update_dlk,timestamp,Impala ODBC,100
forecast_user,forecast_user,forecast_rates_arbitrary_c4model_h,TABLE,user_insert_dlk,string,Impala ODBC,100
forecast_user,forecast_user,forecast_rates_arbitrary_c4model_h,TABLE,user_update_dlk,string,Impala ODBC,100
forecast_user,forecast_user,forecast_rates_arbitrary_c4model_h,TABLE,werks,string,Impala ODBC,100
forecast_user,forecast_user,forecast_rates_arbitrary_c4model_h,TABLE,year,int,Impala ODBC,100
forecast_user,forecast_user,forecast_rates_c4_model,TABLE,arbitrary_rate,double,Impala ODBC,100
forecast_user,forecast_user,forecast_rates_c4_model,TABLE,corrected_average_sale,double,Impala ODBC,100
forecast_user,forecast_user,forecast_rates_c4_model,TABLE,daily_rate,double,Impala ODBC,100
forecast_user,forecast_user,forecast_rates_c4_model,TABLE,date_sale,timestamp,Impala ODBC,100
forecast_user,forecast_user,forecast_rates_c4_model,TABLE,matnr,string,Impala ODBC,100
forecast_user,forecast_user,forecast_rates_c4_model,TABLE,seasonal_rate,double,Impala ODBC,100
forecast_user,forecast_user,forecast_rates_c4_model,TABLE,ts_insert_dlk,timestamp,Impala ODBC,100
forecast_user,forecast_user,forecast_rates_c4_model,TABLE,ts_update_dlk,timestamp,Impala ODBC,100
forecast_user,forecast_user,forecast_rates_c4_model,TABLE,user_insert_dlk,string,Impala ODBC,100
forecast_user,forecast_user,forecast_rates_c4_model,TABLE,user_update_dlk,string,Impala ODBC,100
forecast_user,forecast_user,forecast_rates_c4_model,TABLE,werks,string,Impala ODBC,100
forecast_user,forecast_user,forecast_rates_models_comparison,TABLE,average_seasonal_rate_c4,float,Impala ODBC,100
forecast_user,forecast_user,forecast_rates_models_comparison,TABLE,average_seasonal_rate_new,float,Impala ODBC,100
forecast_user,forecast_user,forecast_rates_models_comparison,TABLE,date_sale,timestamp,Impala ODBC,100
forecast_user,forecast_user,forecast_rates_models_comparison,TABLE,family_id,string,Impala ODBC,100
forecast_user,forecast_user,forecast_rates_models_comparison,TABLE,ts_insert_dlk,timestamp,Impala ODBC,100
forecast_user,forecast_user,forecast_rates_models_comparison,TABLE,ts_update_dlk,timestamp,Impala ODBC,100
forecast_user,forecast_user,forecast_rates_models_comparison,TABLE,user_insert_dlk,string,Impala ODBC,100
forecast_user,forecast_user,forecast_rates_models_comparison,TABLE,user_update_dlk,string,Impala ODBC,100
forecast_user,forecast_user,forecast_rates_models_comparison,TABLE,werks,string,Impala ODBC,100
forecast_user,forecast_user,forecast_sales_forecast,TABLE,arbitrary_rate,double,Impala ODBC,100
forecast_user,forecast_user,forecast_sales_forecast,TABLE,daily_forecast_error,double,Impala ODBC,100
forecast_user,forecast_user,forecast_sales_forecast,TABLE,data_source_regular,string,Impala ODBC,100
forecast_user,forecast_user,forecast_sales_forecast,TABLE,date_sale,timestamp,Impala ODBC,100
forecast_user,forecast_user,forecast_sales_forecast,TABLE,id_mechanics,string,Impala ODBC,100
forecast_user,forecast_user,forecast_sales_forecast,TABLE,id_promo,string,Impala ODBC,100
forecast_user,forecast_user,forecast_sales_forecast,TABLE,matnr,string,Impala ODBC,100
forecast_user,forecast_user,forecast_sales_forecast,TABLE,model_type,smallint,Impala ODBC,100
forecast_user,forecast_user,forecast_sales_forecast,TABLE,month,smallint,Impala ODBC,100
forecast_user,forecast_user,forecast_sales_forecast,TABLE,promo_sales_forecast,double,Impala ODBC,100
forecast_user,forecast_user,forecast_sales_forecast,TABLE,promotional_daily_index,double,Impala ODBC,100
forecast_user,forecast_user,forecast_sales_forecast,TABLE,promotional_daily_index_imposed,double,Impala ODBC,100
forecast_user,forecast_user,forecast_sales_forecast,TABLE,regular_sales_forecast,double,Impala ODBC,100
forecast_user,forecast_user,forecast_sales_forecast,TABLE,regular_sales_forecast_bef_deriv,double,Impala ODBC,100
forecast_user,forecast_user,forecast_sales_forecast,TABLE,total_final_forecast,double,Impala ODBC,100
forecast_user,forecast_user,forecast_sales_forecast,TABLE,ts_insert_dlk,timestamp,Impala ODBC,100
forecast_user,forecast_user,forecast_sales_forecast,TABLE,ts_update_dlk,timestamp,Impala ODBC,100
forecast_user,forecast_user,forecast_sales_forecast,TABLE,user_insert_dlk,string,Impala ODBC,100
forecast_user,forecast_user,forecast_sales_forecast,TABLE,user_update_dlk,string,Impala ODBC,100
forecast_user,forecast_user,forecast_sales_forecast,TABLE,weekly_forecast_error,double,Impala ODBC,100
forecast_user,forecast_user,forecast_sales_forecast,TABLE,werks,string,Impala ODBC,100
forecast_user,forecast_user,forecast_sales_forecast,TABLE,year,smallint,Impala ODBC,100
forecast_user,forecast_user,forecast_sales_forecast_c4_model,TABLE,daily_promo_forecast,double,Impala ODBC,100
forecast_user,forecast_user,forecast_sales_forecast_c4_model,TABLE,daily_sale_forecast,double,Impala ODBC,100
forecast_user,forecast_user,forecast_sales_forecast_c4_model,TABLE,date_sale,timestamp,Impala ODBC,100
forecast_user,forecast_user,forecast_sales_forecast_c4_model,TABLE,matnr,string,Impala ODBC,100
forecast_user,forecast_user,forecast_sales_forecast_c4_model,TABLE,model_type,smallint,Impala ODBC,100
forecast_user,forecast_user,forecast_sales_forecast_c4_model,TABLE,ts_insert_dlk,timestamp,Impala ODBC,100
forecast_user,forecast_user,forecast_sales_forecast_c4_model,TABLE,ts_update_dlk,timestamp,Impala ODBC,100
forecast_user,forecast_user,forecast_sales_forecast_c4_model,TABLE,user_insert_dlk,string,Impala ODBC,100
forecast_user,forecast_user,forecast_sales_forecast_c4_model,TABLE,user_update_dlk,string,Impala ODBC,100
forecast_user,forecast_user,forecast_sales_forecast_c4_model,TABLE,weekly_sale_forecast,double,Impala ODBC,100
forecast_user,forecast_user,forecast_sales_forecast_c4_model,TABLE,werks,string,Impala ODBC,100
forecast_user,forecast_user,forecast_sales_forecast_c4model,TABLE,#,Partition,Impala ODBC,100
forecast_user,forecast_user,forecast_sales_forecast_c4model,TABLE,arbitrary_rate,double,Impala ODBC,100
forecast_user,forecast_user,forecast_sales_forecast_c4model,TABLE,average_sale_rate,double,Impala ODBC,100
forecast_user,forecast_user,forecast_sales_forecast_c4model,TABLE,daily_rate,double,Impala ODBC,100
forecast_user,forecast_user,forecast_sales_forecast_c4model,TABLE,daily_sale_forecast,double,Impala ODBC,100
forecast_user,forecast_user,forecast_sales_forecast_c4model,TABLE,date_sale,timestamp,Impala ODBC,100
forecast_user,forecast_user,forecast_sales_forecast_c4model,TABLE,day,int,Impala ODBC,100
forecast_user,forecast_user,forecast_sales_forecast_c4model,TABLE,matnr,string,Impala ODBC,100
forecast_user,forecast_user,forecast_sales_forecast_c4model,TABLE,model_type,smallint,Impala ODBC,100
forecast_user,forecast_user,forecast_sales_forecast_c4model,TABLE,month,int,Impala ODBC,100
forecast_user,forecast_user,forecast_sales_forecast_c4model,TABLE,seasonal_rate,double,Impala ODBC,100
forecast_user,forecast_user,forecast_sales_forecast_c4model,TABLE,ts_insert_dlk,timestamp,Impala ODBC,100
forecast_user,forecast_user,forecast_sales_forecast_c4model,TABLE,ts_update_dlk,timestamp,Impala ODBC,100
forecast_user,forecast_user,forecast_sales_forecast_c4model,TABLE,user_insert_dlk,string,Impala ODBC,100
forecast_user,forecast_user,forecast_sales_forecast_c4model,TABLE,user_update_dlk,string,Impala ODBC,100
forecast_user,forecast_user,forecast_sales_forecast_c4model,TABLE,weekly_sale_forecast,double,Impala ODBC,100
forecast_user,forecast_user,forecast_sales_forecast_c4model,TABLE,werks,string,Impala ODBC,100
forecast_user,forecast_user,forecast_sales_forecast_c4model,TABLE,year,int,Impala ODBC,100
forecast_user,forecast_user,forecast_sales_forecast_c4model_h,TABLE,#,Partition,Impala ODBC,100
forecast_user,forecast_user,forecast_sales_forecast_c4model_h,TABLE,arbitrary_rate,double,Impala ODBC,100
forecast_user,forecast_user,forecast_sales_forecast_c4model_h,TABLE,average_sale_rate,double,Impala ODBC,100
forecast_user,forecast_user,forecast_sales_forecast_c4model_h,TABLE,daily_rate,double,Impala ODBC,100
forecast_user,forecast_user,forecast_sales_forecast_c4model_h,TABLE,daily_sale_forecast,double,Impala ODBC,100
forecast_user,forecast_user,forecast_sales_forecast_c4model_h,TABLE,date_sale,timestamp,Impala ODBC,100
forecast_user,forecast_user,forecast_sales_forecast_c4model_h,TABLE,day,int,Impala ODBC,100
forecast_user,forecast_user,forecast_sales_forecast_c4model_h,TABLE,matnr,string,Impala ODBC,100
forecast_user,forecast_user,forecast_sales_forecast_c4model_h,TABLE,model_type,smallint,Impala ODBC,100
forecast_user,forecast_user,forecast_sales_forecast_c4model_h,TABLE,month,int,Impala ODBC,100
forecast_user,forecast_user,forecast_sales_forecast_c4model_h,TABLE,seasonal_rate,double,Impala ODBC,100
forecast_user,forecast_user,forecast_sales_forecast_c4model_h,TABLE,state_id,string,Impala ODBC,100
forecast_user,forecast_user,forecast_sales_forecast_c4model_h,TABLE,ts_insert_dlk,timestamp,Impala ODBC,100
forecast_user,forecast_user,forecast_sales_forecast_c4model_h,TABLE,ts_update_dlk,timestamp,Impala ODBC,100
forecast_user,forecast_user,forecast_sales_forecast_c4model_h,TABLE,user_insert_dlk,string,Impala ODBC,100
forecast_user,forecast_user,forecast_sales_forecast_c4model_h,TABLE,user_update_dlk,string,Impala ODBC,100
forecast_user,forecast_user,forecast_sales_forecast_c4model_h,TABLE,weekly_sale_forecast,double,Impala ODBC,100
forecast_user,forecast_user,forecast_sales_forecast_c4model_h,TABLE,werks,string,Impala ODBC,100
forecast_user,forecast_user,forecast_sales_forecast_c4model_h,TABLE,year,int,Impala ODBC,100
forecast_user,forecast_user,forecast_sales_forecast_final,TABLE,#,Partition,Impala ODBC,100
forecast_user,forecast_user,forecast_sales_forecast_final,TABLE,arbitrary_rate,double,Impala ODBC,100
forecast_user,forecast_user,forecast_sales_forecast_final,TABLE,data_source_regular,string,Impala ODBC,100
forecast_user,forecast_user,forecast_sales_forecast_final,TABLE,date_sale,timestamp,Impala ODBC,100
forecast_user,forecast_user,forecast_sales_forecast_final,TABLE,day,int,Impala ODBC,100
forecast_user,forecast_user,forecast_sales_forecast_final,TABLE,id_mechanics,string,Impala ODBC,100
forecast_user,forecast_user,forecast_sales_forecast_final,TABLE,id_promo,string,Impala ODBC,100
forecast_user,forecast_user,forecast_sales_forecast_final,TABLE,matnr,string,Impala ODBC,100
forecast_user,forecast_user,forecast_sales_forecast_final,TABLE,model_type,smallint,Impala ODBC,100
forecast_user,forecast_user,forecast_sales_forecast_final,TABLE,month,int,Impala ODBC,100
forecast_user,forecast_user,forecast_sales_forecast_final,TABLE,promo_sales_forecast,double,Impala ODBC,100
forecast_user,forecast_user,forecast_sales_forecast_final,TABLE,promotional_daily_index,double,Impala ODBC,100
forecast_user,forecast_user,forecast_sales_forecast_final,TABLE,promotional_daily_index_imposed,double,Impala ODBC,100
forecast_user,forecast_user,forecast_sales_forecast_final,TABLE,regular_sales_forecast,double,Impala ODBC,100
forecast_user,forecast_user,forecast_sales_forecast_final,TABLE,regular_sales_forecast_bef_deriv,double,Impala ODBC,100
forecast_user,forecast_user,forecast_sales_forecast_final,TABLE,total_final_forecast,double,Impala ODBC,100
forecast_user,forecast_user,forecast_sales_forecast_final,TABLE,ts_insert_dlk,timestamp,Impala ODBC,100
forecast_user,forecast_user,forecast_sales_forecast_final,TABLE,ts_update_dlk,timestamp,Impala ODBC,100
forecast_user,forecast_user,forecast_sales_forecast_final,TABLE,user_insert_dlk,string,Impala ODBC,100
forecast_user,forecast_user,forecast_sales_forecast_final,TABLE,user_update_dlk,string,Impala ODBC,100
forecast_user,forecast_user,forecast_sales_forecast_final,TABLE,werks,string,Impala ODBC,100
forecast_user,forecast_user,forecast_sales_forecast_final,TABLE,year,int,Impala ODBC,100
forecast_user,forecast_user,forecast_sales_forecast_h,TABLE,#,Partition,Impala ODBC,100
forecast_user,forecast_user,forecast_sales_forecast_h,TABLE,arbitrary_rate,double,Impala ODBC,100
forecast_user,forecast_user,forecast_sales_forecast_h,TABLE,data_source_regular,string,Impala ODBC,100
forecast_user,forecast_user,forecast_sales_forecast_h,TABLE,date_sale,timestamp,Impala ODBC,100
forecast_user,forecast_user,forecast_sales_forecast_h,TABLE,day,int,Impala ODBC,100
forecast_user,forecast_user,forecast_sales_forecast_h,TABLE,id_mechanics,string,Impala ODBC,100
forecast_user,forecast_user,forecast_sales_forecast_h,TABLE,id_promo,string,Impala ODBC,100
forecast_user,forecast_user,forecast_sales_forecast_h,TABLE,matnr,string,Impala ODBC,100
forecast_user,forecast_user,forecast_sales_forecast_h,TABLE,model_type,smallint,Impala ODBC,100
forecast_user,forecast_user,forecast_sales_forecast_h,TABLE,month,int,Impala ODBC,100
forecast_user,forecast_user,forecast_sales_forecast_h,TABLE,promo_sales_forecast,double,Impala ODBC,100
forecast_user,forecast_user,forecast_sales_forecast_h,TABLE,promotional_daily_index,double,Impala ODBC,100
forecast_user,forecast_user,forecast_sales_forecast_h,TABLE,promotional_daily_index_imposed,double,Impala ODBC,100
forecast_user,forecast_user,forecast_sales_forecast_h,TABLE,regular_sales_forecast,double,Impala ODBC,100
forecast_user,forecast_user,forecast_sales_forecast_h,TABLE,regular_sales_forecast_bef_deriv,double,Impala ODBC,100
forecast_user,forecast_user,forecast_sales_forecast_h,TABLE,total_final_forecast,double,Impala ODBC,100
forecast_user,forecast_user,forecast_sales_forecast_h,TABLE,ts_insert_dlk,timestamp,Impala ODBC,100
forecast_user,forecast_user,forecast_sales_forecast_h,TABLE,ts_update_dlk,timestamp,Impala ODBC,100
forecast_user,forecast_user,forecast_sales_forecast_h,TABLE,user_insert_dlk,string,Impala ODBC,100
forecast_user,forecast_user,forecast_sales_forecast_h,TABLE,user_update_dlk,string,Impala ODBC,100
forecast_user,forecast_user,forecast_sales_forecast_h,TABLE,werks,string,Impala ODBC,100
forecast_user,forecast_user,forecast_sales_forecast_h,TABLE,year,int,Impala ODBC,100
forecast_user,forecast_user,forecast_seasonal_excluded_families,TABLE,family_excluded,string,Impala ODBC,100
forecast_user,forecast_user,forecast_seasonal_excluded_families,TABLE,family_excluded_vtext,string,Impala ODBC,100
forecast_user,forecast_user,forecast_seasonal_excluded_families,TABLE,id_profile,string,Impala ODBC,100
forecast_user,forecast_user,forecast_seasonal_excluded_families,TABLE,subfamily_excluded,string,Impala ODBC,100
forecast_user,forecast_user,forecast_seasonal_excluded_families,TABLE,subfamily_excluded_vtext,string,Impala ODBC,100
forecast_user,forecast_user,forecast_seasonal_excluded_families,TABLE,ts_insert_dlk,timestamp,Impala ODBC,100
forecast_user,forecast_user,forecast_seasonal_excluded_families,TABLE,ts_update_dlk,timestamp,Impala ODBC,100
forecast_user,forecast_user,forecast_seasonal_excluded_families,TABLE,user_insert_dlk,string,Impala ODBC,100
forecast_user,forecast_user,forecast_seasonal_excluded_families,TABLE,user_update_dlk,string,Impala ODBC,100
forecast_user,forecast_user,forecast_seasonal_excluded_families,TABLE,year_calculation,int,Impala ODBC,100
forecast_user,forecast_user,forecast_sku_error_attempts,TABLE,#,Partition,Impala ODBC,100
forecast_user,forecast_user,forecast_sku_error_attempts,TABLE,date_sale,timestamp,Impala ODBC,100
forecast_user,forecast_user,forecast_sku_error_attempts,TABLE,day,int,Impala ODBC,100
forecast_user,forecast_user,forecast_sku_error_attempts,TABLE,id,string,Impala ODBC,100
forecast_user,forecast_user,forecast_sku_error_attempts,TABLE,month,int,Impala ODBC,100
forecast_user,forecast_user,forecast_sku_error_attempts,TABLE,ts_insert_dlk,timestamp,Impala ODBC,100
forecast_user,forecast_user,forecast_sku_error_attempts,TABLE,ts_update_dlk,timestamp,Impala ODBC,100
forecast_user,forecast_user,forecast_sku_error_attempts,TABLE,type_error,string,Impala ODBC,100
forecast_user,forecast_user,forecast_sku_error_attempts,TABLE,user_insert_dlk,string,Impala ODBC,100
forecast_user,forecast_user,forecast_sku_error_attempts,TABLE,user_update_dlk,string,Impala ODBC,100
forecast_user,forecast_user,forecast_sku_error_attempts,TABLE,year,int,Impala ODBC,100
forecast_user,forecast_user,forecast_sku_imposed_ip,TABLE,date_sale,timestamp,Impala ODBC,100
forecast_user,forecast_user,forecast_sku_imposed_ip,TABLE,id_mechanics,string,Impala ODBC,100
forecast_user,forecast_user,forecast_sku_imposed_ip,TABLE,id_promo,string,Impala ODBC,100
forecast_user,forecast_user,forecast_sku_imposed_ip,TABLE,matnr,string,Impala ODBC,100
forecast_user,forecast_user,forecast_sku_imposed_ip,TABLE,promotional_daily_index_imposed,double,Impala ODBC,100
forecast_user,forecast_user,forecast_sku_imposed_ip,TABLE,ts_insert_dlk,timestamp,Impala ODBC,100
forecast_user,forecast_user,forecast_sku_imposed_ip,TABLE,ts_update_dlk,timestamp,Impala ODBC,100
forecast_user,forecast_user,forecast_sku_imposed_ip,TABLE,user_insert_dlk,string,Impala ODBC,100
forecast_user,forecast_user,forecast_sku_imposed_ip,TABLE,user_update_dlk,string,Impala ODBC,100
forecast_user,forecast_user,forecast_sku_imposed_ip,TABLE,week_partition,int,Impala ODBC,100
forecast_user,forecast_user,forecast_sku_imposed_ip,TABLE,werks,string,Impala ODBC,100
forecast_user,forecast_user,forecast_sku_weekly_sales,TABLE,#,Partition,Impala ODBC,100
forecast_user,forecast_user,forecast_sku_weekly_sales,TABLE,family,string,Impala ODBC,100
forecast_user,forecast_user,forecast_sku_weekly_sales,TABLE,family_group,string,Impala ODBC,100
forecast_user,forecast_user,forecast_sku_weekly_sales,TABLE,matnr,string,Impala ODBC,100
forecast_user,forecast_user,forecast_sku_weekly_sales,TABLE,seasonal_mark,int,Impala ODBC,100
forecast_user,forecast_user,forecast_sku_weekly_sales,TABLE,section,string,Impala ODBC,100
forecast_user,forecast_user,forecast_sku_weekly_sales,TABLE,sector,string,Impala ODBC,100
forecast_user,forecast_user,forecast_sku_weekly_sales,TABLE,subfamily,string,Impala ODBC,100
forecast_user,forecast_user,forecast_sku_weekly_sales,TABLE,total_articles_imp,double,Impala ODBC,100
forecast_user,forecast_user,forecast_sku_weekly_sales,TABLE,ts_insert_dlk,timestamp,Impala ODBC,100
forecast_user,forecast_user,forecast_sku_weekly_sales,TABLE,ts_update_dlk,timestamp,Impala ODBC,100
forecast_user,forecast_user,forecast_sku_weekly_sales,TABLE,user_insert_dlk,string,Impala ODBC,100
forecast_user,forecast_user,forecast_sku_weekly_sales,TABLE,user_update_dlk,string,Impala ODBC,100
forecast_user,forecast_user,forecast_sku_weekly_sales,TABLE,vtweg,string,Impala ODBC,100
forecast_user,forecast_user,forecast_sku_weekly_sales,TABLE,week,int,Impala ODBC,100
forecast_user,forecast_user,forecast_sku_weekly_sales,TABLE,werks,string,Impala ODBC,100
forecast_user,forecast_user,forecast_sku_weekly_sales,TABLE,werks_apro,string,Impala ODBC,100
forecast_user,forecast_user,forecast_sku_weekly_sales,TABLE,year,int,Impala ODBC,100
forecast_user,forecast_user,forecast_store_budget,TABLE,average_daily_rate,double,Impala ODBC,100
forecast_user,forecast_user,forecast_store_budget,TABLE,budget_online_section,double,Impala ODBC,100
forecast_user,forecast_user,forecast_store_budget,TABLE,budget_section,double,Impala ODBC,100
forecast_user,forecast_user,forecast_store_budget,TABLE,budget_total_section,double,Impala ODBC,100
forecast_user,forecast_user,forecast_store_budget,TABLE,day_store_budget,timestamp,Impala ODBC,100
forecast_user,forecast_user,forecast_store_budget,TABLE,section,string,Impala ODBC,100
forecast_user,forecast_user,forecast_store_budget,TABLE,total_forecast_section,double,Impala ODBC,100
forecast_user,forecast_user,forecast_store_budget,TABLE,ts_insert_dlk,timestamp,Impala ODBC,100
forecast_user,forecast_user,forecast_store_budget,TABLE,ts_update_dlk,timestamp,Impala ODBC,100
forecast_user,forecast_user,forecast_store_budget,TABLE,user_insert_dlk,string,Impala ODBC,100
forecast_user,forecast_user,forecast_store_budget,TABLE,user_update_dlk,string,Impala ODBC,100
forecast_user,forecast_user,forecast_store_budget,TABLE,weighing_weekly_budget_group_section,double,Impala ODBC,100
forecast_user,forecast_user,forecast_store_budget,TABLE,weighing_weekly_budget_section,double,Impala ODBC,100
forecast_user,forecast_user,forecast_store_budget,TABLE,weighing_weekly_forecast_section,double,Impala ODBC,100
forecast_user,forecast_user,forecast_store_budget,TABLE,werks,string,Impala ODBC,100
forecast_user,forecast_user,forecast_store_seasonality,TABLE,average_difference,double,Impala ODBC,100
forecast_user,forecast_user,forecast_store_seasonality,TABLE,store_seasonality,string,Impala ODBC,100
forecast_user,forecast_user,forecast_store_seasonality,TABLE,total_articles_imp1,double,Impala ODBC,100
forecast_user,forecast_user,forecast_store_seasonality,TABLE,total_articles_imp10,double,Impala ODBC,100
forecast_user,forecast_user,forecast_store_seasonality,TABLE,total_articles_imp11,double,Impala ODBC,100
forecast_user,forecast_user,forecast_store_seasonality,TABLE,total_articles_imp12,double,Impala ODBC,100
forecast_user,forecast_user,forecast_store_seasonality,TABLE,total_articles_imp2,double,Impala ODBC,100
forecast_user,forecast_user,forecast_store_seasonality,TABLE,total_articles_imp3,double,Impala ODBC,100
forecast_user,forecast_user,forecast_store_seasonality,TABLE,total_articles_imp4,double,Impala ODBC,100
forecast_user,forecast_user,forecast_store_seasonality,TABLE,total_articles_imp5,double,Impala ODBC,100
forecast_user,forecast_user,forecast_store_seasonality,TABLE,total_articles_imp6,double,Impala ODBC,100
forecast_user,forecast_user,forecast_store_seasonality,TABLE,total_articles_imp7,double,Impala ODBC,100
forecast_user,forecast_user,forecast_store_seasonality,TABLE,total_articles_imp8,double,Impala ODBC,100
forecast_user,forecast_user,forecast_store_seasonality,TABLE,total_articles_imp9,double,Impala ODBC,100
forecast_user,forecast_user,forecast_store_seasonality,TABLE,vtweg,string,Impala ODBC,100
forecast_user,forecast_user,forecast_store_seasonality,TABLE,vtweg_vtext,string,Impala ODBC,100
forecast_user,forecast_user,forecast_store_seasonality,TABLE,werks,string,Impala ODBC,100
forecast_user,forecast_user,forecast_store_seasonality,TABLE,werks_apro,string,Impala ODBC,100
forecast_user,forecast_user,forecast_store_seasonality,TABLE,werks_name,string,Impala ODBC,100
forecast_user,forecast_user,forecast_store_seasonality,TABLE,year,int,Impala ODBC,100
forecast_user,forecast_user,forecast_store_seasonality_h,TABLE,average_difference,double,Impala ODBC,100
forecast_user,forecast_user,forecast_store_seasonality_h,TABLE,store_seasonality,string,Impala ODBC,100
forecast_user,forecast_user,forecast_store_seasonality_h,TABLE,total_articles_imp1,double,Impala ODBC,100
forecast_user,forecast_user,forecast_store_seasonality_h,TABLE,total_articles_imp10,double,Impala ODBC,100
forecast_user,forecast_user,forecast_store_seasonality_h,TABLE,total_articles_imp11,double,Impala ODBC,100
forecast_user,forecast_user,forecast_store_seasonality_h,TABLE,total_articles_imp12,double,Impala ODBC,100
forecast_user,forecast_user,forecast_store_seasonality_h,TABLE,total_articles_imp2,double,Impala ODBC,100
forecast_user,forecast_user,forecast_store_seasonality_h,TABLE,total_articles_imp3,double,Impala ODBC,100
forecast_user,forecast_user,forecast_store_seasonality_h,TABLE,total_articles_imp4,double,Impala ODBC,100
forecast_user,forecast_user,forecast_store_seasonality_h,TABLE,total_articles_imp5,double,Impala ODBC,100
forecast_user,forecast_user,forecast_store_seasonality_h,TABLE,total_articles_imp6,double,Impala ODBC,100
forecast_user,forecast_user,forecast_store_seasonality_h,TABLE,total_articles_imp7,double,Impala ODBC,100
forecast_user,forecast_user,forecast_store_seasonality_h,TABLE,total_articles_imp8,double,Impala ODBC,100
forecast_user,forecast_user,forecast_store_seasonality_h,TABLE,total_articles_imp9,double,Impala ODBC,100
forecast_user,forecast_user,forecast_store_seasonality_h,TABLE,vtweg,string,Impala ODBC,100
forecast_user,forecast_user,forecast_store_seasonality_h,TABLE,vtweg_vtext,string,Impala ODBC,100
forecast_user,forecast_user,forecast_store_seasonality_h,TABLE,werks,string,Impala ODBC,100
forecast_user,forecast_user,forecast_store_seasonality_h,TABLE,werks_apro,string,Impala ODBC,100
forecast_user,forecast_user,forecast_store_seasonality_h,TABLE,werks_name,string,Impala ODBC,100
forecast_user,forecast_user,forecast_store_seasonality_h,TABLE,year,int,Impala ODBC,100
forecast_user,forecast_user,forecast_store_seasonality_type,TABLE,average_difference_max,string,Impala ODBC,100
forecast_user,forecast_user,forecast_store_seasonality_type,TABLE,average_difference_min,string,Impala ODBC,100
forecast_user,forecast_user,forecast_store_seasonality_type,TABLE,init_date,timestamp,Impala ODBC,100
forecast_user,forecast_user,forecast_store_seasonality_type,TABLE,seasonality_type,string,Impala ODBC,100
forecast_user,forecast_user,forecast_store_seasonality_type,TABLE,ts_insert_dlk,timestamp,Impala ODBC,100
forecast_user,forecast_user,forecast_store_seasonality_type,TABLE,ts_update_dlk,timestamp,Impala ODBC,100
forecast_user,forecast_user,forecast_store_seasonality_type,TABLE,user_insert_dlk,string,Impala ODBC,100
forecast_user,forecast_user,forecast_store_seasonality_type,TABLE,user_update_dlk,string,Impala ODBC,100
forecast_user,forecast_user,forecast_substitutions_forecast_h,TABLE,#,Partition,Impala ODBC,100
forecast_user,forecast_user,forecast_substitutions_forecast_h,TABLE,date_sale,timestamp,Impala ODBC,100
forecast_user,forecast_user,forecast_substitutions_forecast_h,TABLE,day,int,Impala ODBC,100
forecast_user,forecast_user,forecast_substitutions_forecast_h,TABLE,end_date_forec,timestamp,Impala ODBC,100
forecast_user,forecast_user,forecast_substitutions_forecast_h,TABLE,matnr_d,string,Impala ODBC,100
forecast_user,forecast_user,forecast_substitutions_forecast_h,TABLE,matnr_o,string,Impala ODBC,100
forecast_user,forecast_user,forecast_substitutions_forecast_h,TABLE,month,int,Impala ODBC,100
forecast_user,forecast_user,forecast_substitutions_forecast_h,TABLE,regular_forecast,double,Impala ODBC,100
forecast_user,forecast_user,forecast_substitutions_forecast_h,TABLE,start_date,timestamp,Impala ODBC,100
forecast_user,forecast_user,forecast_substitutions_forecast_h,TABLE,ts_insert_dlk,timestamp,Impala ODBC,100
forecast_user,forecast_user,forecast_substitutions_forecast_h,TABLE,ts_update_dlk,timestamp,Impala ODBC,100
forecast_user,forecast_user,forecast_substitutions_forecast_h,TABLE,user_insert_dlk,string,Impala ODBC,100
forecast_user,forecast_user,forecast_substitutions_forecast_h,TABLE,user_update_dlk,string,Impala ODBC,100
forecast_user,forecast_user,forecast_substitutions_forecast_h,TABLE,werks,string,Impala ODBC,100
forecast_user,forecast_user,forecast_substitutions_forecast_h,TABLE,year,int,Impala ODBC,100
forecast_user,forecast_user,imposed_forecast,TABLE,imposed_date,timestamp,Impala ODBC,100
forecast_user,forecast_user,imposed_forecast,TABLE,imposed_forecast,double,Impala ODBC,100
forecast_user,forecast_user,imposed_forecast,TABLE,imposed_rates_forecast,double,Impala ODBC,100
forecast_user,forecast_user,imposed_forecast,TABLE,matnr,string,Impala ODBC,100
forecast_user,forecast_user,imposed_forecast,TABLE,parametrization,int,Impala ODBC,100
forecast_user,forecast_user,imposed_forecast,TABLE,store_init_averagesale_forecast,double,Impala ODBC,100
forecast_user,forecast_user,imposed_forecast,TABLE,store_init_averagesale_idparam,int,Impala ODBC,100
forecast_user,forecast_user,imposed_forecast,TABLE,ts_insert_dlk,timestamp,Impala ODBC,100
forecast_user,forecast_user,imposed_forecast,TABLE,ts_update_dlk,timestamp,Impala ODBC,100
forecast_user,forecast_user,imposed_forecast,TABLE,user_insert_dlk,string,Impala ODBC,100
forecast_user,forecast_user,imposed_forecast,TABLE,user_update_dlk,string,Impala ODBC,100
forecast_user,forecast_user,imposed_forecast,TABLE,werks,string,Impala ODBC,100
forecast_user,forecast_user,promotional_forecast_imposed,TABLE,id_mechanics,string,Impala ODBC,100
forecast_user,forecast_user,promotional_forecast_imposed,TABLE,id_promo,string,Impala ODBC,100
forecast_user,forecast_user,promotional_forecast_imposed,TABLE,imposed_date,timestamp,Impala ODBC,100
forecast_user,forecast_user,promotional_forecast_imposed,TABLE,imposed_forecast,double,Impala ODBC,100
forecast_user,forecast_user,promotional_forecast_imposed,TABLE,matnr,string,Impala ODBC,100
forecast_user,forecast_user,promotional_forecast_imposed,TABLE,ts_insert_dlk,timestamp,Impala ODBC,100
forecast_user,forecast_user,promotional_forecast_imposed,TABLE,ts_update_dlk,timestamp,Impala ODBC,100
forecast_user,forecast_user,promotional_forecast_imposed,TABLE,user_insert_dlk,string,Impala ODBC,100
forecast_user,forecast_user,promotional_forecast_imposed,TABLE,user_update_dlk,string,Impala ODBC,100
forecast_user,forecast_user,promotional_forecast_imposed,TABLE,werks,string,Impala ODBC,100
forecast_user,forecast_user,supply_deviations_h,TABLE,previous_week_forecast,double,Impala ODBC,100
forecast_user,forecast_user,supply_deviations_h,TABLE,regular_sales_forecast_m00,double,Impala ODBC,100
forecast_user,forecast_user,supply_deviations_h,TABLE,regular_sales_forecast_m01,double,Impala ODBC,100
forecast_user,forecast_user,supply_deviations_h,TABLE,regular_sales_forecast_m02,double,Impala ODBC,100
forecast_user,forecast_user,supply_deviations_h,TABLE,regular_sales_forecast_m03,double,Impala ODBC,100
forecast_user,forecast_user,supply_deviations_h,TABLE,regular_sales_forecast_m04,double,Impala ODBC,100
forecast_user,forecast_user,supply_deviations_h,TABLE,regular_sales_forecast_m05,double,Impala ODBC,100
forecast_user,forecast_user,supply_deviations_h,TABLE,regular_sales_forecast_m06,double,Impala ODBC,100
forecast_user,forecast_user,supply_deviations_h,TABLE,regular_sales_forecast_n01,double,Impala ODBC,100
forecast_user,forecast_user,supply_deviations_h,TABLE,regular_sales_forecast_n02,double,Impala ODBC,100
forecast_user,forecast_user,supply_deviations_h,TABLE,regular_sales_forecast_n03,double,Impala ODBC,100
forecast_user,forecast_user,supply_deviations_h,TABLE,regular_sales_forecast_n04,double,Impala ODBC,100
forecast_user,forecast_user,supply_deviations_h,TABLE,regular_sales_forecast_n05,double,Impala ODBC,100
forecast_user,forecast_user,supply_deviations_h,TABLE,regular_sales_forecast_n06,double,Impala ODBC,100
forecast_user,forecast_user,supply_deviations_h,TABLE,regular_sales_forecast_n07,double,Impala ODBC,100
forecast_user,forecast_user,supply_deviations_h,TABLE,regular_week_forecast,double,Impala ODBC,100
indicators_bi,indicators_bi,its_simulation_orders_day,TABLE,forecasted_sales,double,Impala ODBC,100
indicators_bi,indicators_bi,vg_prevision_version_movil,TABLE,forecast_proforma_sale,double,Impala ODBC,100
indicators_bi,indicators_bi,vg_sales,TABLE,forecast_proforma_sale,double,Impala ODBC,100
indicators_bi,indicators_bi,vg_sales,TABLE,forecast_proforma_sale_annual,double,Impala ODBC,100
indicators_bi,indicators_bi,vg_sales,TABLE,forecast_proforma_sale_annual_remaining,double,Impala ODBC,100
indicators_bi,indicators_bi,vg_sales,TABLE,forecast_proforma_sale_monthly,double,Impala ODBC,100
indicators_bi,indicators_bi,vg_sales,TABLE,forecast_proforma_sale_monthly_remaining,double,Impala ODBC,100
omnichannel_user,omnichannel_user,omnichannel_datos_fijos,TABLE,sales_forecast_n,double,Impala ODBC,100
omnichannel_user,omnichannel_user,omnichannel_datos_fijos,TABLE,sales_forecast_n1,double,Impala ODBC,100
omnichannel_user,omnichannel_user,omnichannel_datos_fijos,TABLE,sales_forecast_n10,double,Impala ODBC,100
omnichannel_user,omnichannel_user,omnichannel_datos_fijos,TABLE,sales_forecast_n100,double,Impala ODBC,100
omnichannel_user,omnichannel_user,omnichannel_datos_fijos,TABLE,sales_forecast_n101,double,Impala ODBC,100
omnichannel_user,omnichannel_user,omnichannel_datos_fijos,TABLE,sales_forecast_n102,double,Impala ODBC,100
omnichannel_user,omnichannel_user,omnichannel_datos_fijos,TABLE,sales_forecast_n11,double,Impala ODBC,100
omnichannel_user,omnichannel_user,omnichannel_datos_fijos,TABLE,sales_forecast_n12,double,Impala ODBC,100
omnichannel_user,omnichannel_user,omnichannel_datos_fijos,TABLE,sales_forecast_n13,double,Impala ODBC,100
omnichannel_user,omnichannel_user,omnichannel_datos_fijos,TABLE,sales_forecast_n14,double,Impala ODBC,100
omnichannel_user,omnichannel_user,omnichannel_datos_fijos,TABLE,sales_forecast_n15,double,Impala ODBC,100
omnichannel_user,omnichannel_user,omnichannel_datos_fijos,TABLE,sales_forecast_n16,double,Impala ODBC,100
omnichannel_user,omnichannel_user,omnichannel_datos_fijos,TABLE,sales_forecast_n17,double,Impala ODBC,100
omnichannel_user,omnichannel_user,omnichannel_datos_fijos,TABLE,sales_forecast_n18,double,Impala ODBC,100
omnichannel_user,omnichannel_user,omnichannel_datos_fijos,TABLE,sales_forecast_n19,double,Impala ODBC,100
omnichannel_user,omnichannel_user,omnichannel_datos_fijos,TABLE,sales_forecast_n2,double,Impala ODBC,100
omnichannel_user,omnichannel_user,omnichannel_datos_fijos,TABLE,sales_forecast_n20,double,Impala ODBC,100
omnichannel_user,omnichannel_user,omnichannel_datos_fijos,TABLE,sales_forecast_n21,double,Impala ODBC,100
omnichannel_user,omnichannel_user,omnichannel_datos_fijos,TABLE,sales_forecast_n22,double,Impala ODBC,100
omnichannel_user,omnichannel_user,omnichannel_datos_fijos,TABLE,sales_forecast_n23,double,Impala ODBC,100
omnichannel_user,omnichannel_user,omnichannel_datos_fijos,TABLE,sales_forecast_n24,double,Impala ODBC,100
omnichannel_user,omnichannel_user,omnichannel_datos_fijos,TABLE,sales_forecast_n25,double,Impala ODBC,100
omnichannel_user,omnichannel_user,omnichannel_datos_fijos,TABLE,sales_forecast_n26,double,Impala ODBC,100
omnichannel_user,omnichannel_user,omnichannel_datos_fijos,TABLE,sales_forecast_n27,double,Impala ODBC,100
omnichannel_user,omnichannel_user,omnichannel_datos_fijos,TABLE,sales_forecast_n28,double,Impala ODBC,100
omnichannel_user,omnichannel_user,omnichannel_datos_fijos,TABLE,sales_forecast_n29,double,Impala ODBC,100
omnichannel_user,omnichannel_user,omnichannel_datos_fijos,TABLE,sales_forecast_n3,double,Impala ODBC,100
omnichannel_user,omnichannel_user,omnichannel_datos_fijos,TABLE,sales_forecast_n30,double,Impala ODBC,100
omnichannel_user,omnichannel_user,omnichannel_datos_fijos,TABLE,sales_forecast_n31,double,Impala ODBC,100
omnichannel_user,omnichannel_user,omnichannel_datos_fijos,TABLE,sales_forecast_n32,double,Impala ODBC,100
omnichannel_user,omnichannel_user,omnichannel_datos_fijos,TABLE,sales_forecast_n33,double,Impala ODBC,100
omnichannel_user,omnichannel_user,omnichannel_datos_fijos,TABLE,sales_forecast_n34,double,Impala ODBC,100
omnichannel_user,omnichannel_user,omnichannel_datos_fijos,TABLE,sales_forecast_n35,double,Impala ODBC,100
omnichannel_user,omnichannel_user,omnichannel_datos_fijos,TABLE,sales_forecast_n36,double,Impala ODBC,100
omnichannel_user,omnichannel_user,omnichannel_datos_fijos,TABLE,sales_forecast_n37,double,Impala ODBC,100
omnichannel_user,omnichannel_user,omnichannel_datos_fijos,TABLE,sales_forecast_n38,double,Impala ODBC,100
omnichannel_user,omnichannel_user,omnichannel_datos_fijos,TABLE,sales_forecast_n39,double,Impala ODBC,100
omnichannel_user,omnichannel_user,omnichannel_datos_fijos,TABLE,sales_forecast_n4,double,Impala ODBC,100
omnichannel_user,omnichannel_user,omnichannel_datos_fijos,TABLE,sales_forecast_n40,double,Impala ODBC,100
omnichannel_user,omnichannel_user,omnichannel_datos_fijos,TABLE,sales_forecast_n41,double,Impala ODBC,100
omnichannel_user,omnichannel_user,omnichannel_datos_fijos,TABLE,sales_forecast_n42,double,Impala ODBC,100
omnichannel_user,omnichannel_user,omnichannel_datos_fijos,TABLE,sales_forecast_n43,double,Impala ODBC,100
omnichannel_user,omnichannel_user,omnichannel_datos_fijos,TABLE,sales_forecast_n44,double,Impala ODBC,100
omnichannel_user,omnichannel_user,omnichannel_datos_fijos,TABLE,sales_forecast_n45,double,Impala ODBC,100
omnichannel_user,omnichannel_user,omnichannel_datos_fijos,TABLE,sales_forecast_n46,double,Impala ODBC,100
omnichannel_user,omnichannel_user,omnichannel_datos_fijos,TABLE,sales_forecast_n47,double,Impala ODBC,100
omnichannel_user,omnichannel_user,omnichannel_datos_fijos,TABLE,sales_forecast_n48,double,Impala ODBC,100
omnichannel_user,omnichannel_user,omnichannel_datos_fijos,TABLE,sales_forecast_n49,double,Impala ODBC,100
omnichannel_user,omnichannel_user,omnichannel_datos_fijos,TABLE,sales_forecast_n5,double,Impala ODBC,100
omnichannel_user,omnichannel_user,omnichannel_datos_fijos,TABLE,sales_forecast_n50,double,Impala ODBC,100
omnichannel_user,omnichannel_user,omnichannel_datos_fijos,TABLE,sales_forecast_n51,double,Impala ODBC,100
omnichannel_user,omnichannel_user,omnichannel_datos_fijos,TABLE,sales_forecast_n52,double,Impala ODBC,100
omnichannel_user,omnichannel_user,omnichannel_datos_fijos,TABLE,sales_forecast_n53,double,Impala ODBC,100
omnichannel_user,omnichannel_user,omnichannel_datos_fijos,TABLE,sales_forecast_n54,double,Impala ODBC,100
omnichannel_user,omnichannel_user,omnichannel_datos_fijos,TABLE,sales_forecast_n55,double,Impala ODBC,100
omnichannel_user,omnichannel_user,omnichannel_datos_fijos,TABLE,sales_forecast_n56,double,Impala ODBC,100
omnichannel_user,omnichannel_user,omnichannel_datos_fijos,TABLE,sales_forecast_n57,double,Impala ODBC,100
omnichannel_user,omnichannel_user,omnichannel_datos_fijos,TABLE,sales_forecast_n58,double,Impala ODBC,100
omnichannel_user,omnichannel_user,omnichannel_datos_fijos,TABLE,sales_forecast_n59,double,Impala ODBC,100
omnichannel_user,omnichannel_user,omnichannel_datos_fijos,TABLE,sales_forecast_n6,double,Impala ODBC,100
omnichannel_user,omnichannel_user,omnichannel_datos_fijos,TABLE,sales_forecast_n60,double,Impala ODBC,100
omnichannel_user,omnichannel_user,omnichannel_datos_fijos,TABLE,sales_forecast_n61,double,Impala ODBC,100
omnichannel_user,omnichannel_user,omnichannel_datos_fijos,TABLE,sales_forecast_n62,double,Impala ODBC,100
omnichannel_user,omnichannel_user,omnichannel_datos_fijos,TABLE,sales_forecast_n63,double,Impala ODBC,100
omnichannel_user,omnichannel_user,omnichannel_datos_fijos,TABLE,sales_forecast_n64,double,Impala ODBC,100
omnichannel_user,omnichannel_user,omnichannel_datos_fijos,TABLE,sales_forecast_n65,double,Impala ODBC,100
omnichannel_user,omnichannel_user,omnichannel_datos_fijos,TABLE,sales_forecast_n66,double,Impala ODBC,100
omnichannel_user,omnichannel_user,omnichannel_datos_fijos,TABLE,sales_forecast_n67,double,Impala ODBC,100
omnichannel_user,omnichannel_user,omnichannel_datos_fijos,TABLE,sales_forecast_n68,double,Impala ODBC,100
omnichannel_user,omnichannel_user,omnichannel_datos_fijos,TABLE,sales_forecast_n69,double,Impala ODBC,100
omnichannel_user,omnichannel_user,omnichannel_datos_fijos,TABLE,sales_forecast_n7,double,Impala ODBC,100
omnichannel_user,omnichannel_user,omnichannel_datos_fijos,TABLE,sales_forecast_n70,double,Impala ODBC,100
omnichannel_user,omnichannel_user,omnichannel_datos_fijos,TABLE,sales_forecast_n71,double,Impala ODBC,100
omnichannel_user,omnichannel_user,omnichannel_datos_fijos,TABLE,sales_forecast_n72,double,Impala ODBC,100
omnichannel_user,omnichannel_user,omnichannel_datos_fijos,TABLE,sales_forecast_n73,double,Impala ODBC,100
omnichannel_user,omnichannel_user,omnichannel_datos_fijos,TABLE,sales_forecast_n74,double,Impala ODBC,100
omnichannel_user,omnichannel_user,omnichannel_datos_fijos,TABLE,sales_forecast_n75,double,Impala ODBC,100
omnichannel_user,omnichannel_user,omnichannel_datos_fijos,TABLE,sales_forecast_n76,double,Impala ODBC,100
omnichannel_user,omnichannel_user,omnichannel_datos_fijos,TABLE,sales_forecast_n77,double,Impala ODBC,100
omnichannel_user,omnichannel_user,omnichannel_datos_fijos,TABLE,sales_forecast_n78,double,Impala ODBC,100
omnichannel_user,omnichannel_user,omnichannel_datos_fijos,TABLE,sales_forecast_n79,double,Impala ODBC,100
omnichannel_user,omnichannel_user,omnichannel_datos_fijos,TABLE,sales_forecast_n8,double,Impala ODBC,100
omnichannel_user,omnichannel_user,omnichannel_datos_fijos,TABLE,sales_forecast_n80,double,Impala ODBC,100
omnichannel_user,omnichannel_user,omnichannel_datos_fijos,TABLE,sales_forecast_n81,double,Impala ODBC,100
omnichannel_user,omnichannel_user,omnichannel_datos_fijos,TABLE,sales_forecast_n82,double,Impala ODBC,100
omnichannel_user,omnichannel_user,omnichannel_datos_fijos,TABLE,sales_forecast_n83,double,Impala ODBC,100
omnichannel_user,omnichannel_user,omnichannel_datos_fijos,TABLE,sales_forecast_n84,double,Impala ODBC,100
omnichannel_user,omnichannel_user,omnichannel_datos_fijos,TABLE,sales_forecast_n85,double,Impala ODBC,100
omnichannel_user,omnichannel_user,omnichannel_datos_fijos,TABLE,sales_forecast_n86,double,Impala ODBC,100
omnichannel_user,omnichannel_user,omnichannel_datos_fijos,TABLE,sales_forecast_n87,double,Impala ODBC,100
omnichannel_user,omnichannel_user,omnichannel_datos_fijos,TABLE,sales_forecast_n88,double,Impala ODBC,100
omnichannel_user,omnichannel_user,omnichannel_datos_fijos,TABLE,sales_forecast_n89,double,Impala ODBC,100
omnichannel_user,omnichannel_user,omnichannel_datos_fijos,TABLE,sales_forecast_n9,double,Impala ODBC,100
omnichannel_user,omnichannel_user,omnichannel_datos_fijos,TABLE,sales_forecast_n90,double,Impala ODBC,100
omnichannel_user,omnichannel_user,omnichannel_datos_fijos,TABLE,sales_forecast_n91,double,Impala ODBC,100
omnichannel_user,omnichannel_user,omnichannel_datos_fijos,TABLE,sales_forecast_n92,double,Impala ODBC,100
omnichannel_user,omnichannel_user,omnichannel_datos_fijos,TABLE,sales_forecast_n93,double,Impala ODBC,100
omnichannel_user,omnichannel_user,omnichannel_datos_fijos,TABLE,sales_forecast_n94,double,Impala ODBC,100
omnichannel_user,omnichannel_user,omnichannel_datos_fijos,TABLE,sales_forecast_n95,double,Impala ODBC,100
omnichannel_user,omnichannel_user,omnichannel_datos_fijos,TABLE,sales_forecast_n96,double,Impala ODBC,100
omnichannel_user,omnichannel_user,omnichannel_datos_fijos,TABLE,sales_forecast_n97,double,Impala ODBC,100
omnichannel_user,omnichannel_user,omnichannel_datos_fijos,TABLE,sales_forecast_n98,double,Impala ODBC,100
omnichannel_user,omnichannel_user,omnichannel_datos_fijos,TABLE,sales_forecast_n99,double,Impala ODBC,100
pricing_user,pricing_user,forecast_err_textile_dsm,TABLE,#,Partition,Impala ODBC,100
pricing_user,pricing_user,forecast_err_textile_dsm,TABLE,codnac,bigint,Impala ODBC,100
pricing_user,pricing_user,forecast_err_textile_dsm,TABLE,collection_code,string,Impala ODBC,100
pricing_user,pricing_user,forecast_err_textile_dsm,TABLE,collection_year,bigint,Impala ODBC,100
pricing_user,pricing_user,forecast_err_textile_dsm,TABLE,err,bigint,Impala ODBC,100
pricing_user,pricing_user,forecast_err_textile_dsm,TABLE,err_perc,double,Impala ODBC,100
pricing_user,pricing_user,forecast_err_textile_dsm,TABLE,err_rayonid,bigint,Impala ODBC,100
pricing_user,pricing_user,forecast_err_textile_dsm,TABLE,err_rayonid_perc,double,Impala ODBC,100
pricing_user,pricing_user,forecast_err_textile_dsm,TABLE,familyid,string,Impala ODBC,100
pricing_user,pricing_user,forecast_err_textile_dsm,TABLE,ncolor,double,Impala ODBC,100
pricing_user,pricing_user,forecast_err_textile_dsm,TABLE,ntemporad,bigint,Impala ODBC,100
pricing_user,pricing_user,forecast_err_textile_dsm,TABLE,nweek_life,int,Impala ODBC,100
pricing_user,pricing_user,forecast_err_textile_dsm,TABLE,nweek_year,int,Impala ODBC,100
pricing_user,pricing_user,forecast_err_textile_dsm,TABLE,plaza_pricing,bigint,Impala ODBC,100
pricing_user,pricing_user,forecast_err_textile_dsm,TABLE,pred_tot_sales_today_rayonid,bigint,Impala ODBC,100
pricing_user,pricing_user,forecast_err_textile_dsm,TABLE,pred_total_sales_today,bigint,Impala ODBC,100
pricing_user,pricing_user,forecast_err_textile_dsm,TABLE,rayonid,string,Impala ODBC,100
pricing_user,pricing_user,forecast_err_textile_dsm,TABLE,tot_sales_today_rayonid,bigint,Impala ODBC,100
pricing_user,pricing_user,forecast_err_textile_dsm,TABLE,total_sales_today,bigint,Impala ODBC,100
pricing_user,pricing_user,forecast_err_textile_dsm,TABLE,ts_insert_dlk,timestamp,Impala ODBC,100
pricing_user,pricing_user,forecast_err_textile_dsm,TABLE,ts_update_dlk,timestamp,Impala ODBC,100
pricing_user,pricing_user,forecast_err_textile_dsm,TABLE,user_insert_dlk,string,Impala ODBC,100
pricing_user,pricing_user,forecast_err_textile_dsm,TABLE,user_update_dlk,string,Impala ODBC,100
pricing_user,pricing_user,forecast_err_textile_dsm,TABLE,year,int,Impala ODBC,100
pricing_user,pricing_user,sales_forecast_textile_dsm,TABLE,#,Partition,Impala ODBC,100
pricing_user,pricing_user,sales_forecast_textile_dsm,TABLE,codnac,bigint,Impala ODBC,100
pricing_user,pricing_user,sales_forecast_textile_dsm,TABLE,collection_code,string,Impala ODBC,100
pricing_user,pricing_user,sales_forecast_textile_dsm,TABLE,collection_year,bigint,Impala ODBC,100
pricing_user,pricing_user,sales_forecast_textile_dsm,TABLE,consumed_stock_target,double,Impala ODBC,100
pricing_user,pricing_user,sales_forecast_textile_dsm,TABLE,current_nweek,int,Impala ODBC,100
pricing_user,pricing_user,sales_forecast_textile_dsm,TABLE,date_life,string,Impala ODBC,100
pricing_user,pricing_user,sales_forecast_textile_dsm,TABLE,ed,float,Impala ODBC,100
pricing_user,pricing_user,sales_forecast_textile_dsm,TABLE,familyid,string,Impala ODBC,100
pricing_user,pricing_user,sales_forecast_textile_dsm,TABLE,first_md,double,Impala ODBC,100
pricing_user,pricing_user,sales_forecast_textile_dsm,TABLE,forecast_all_life,int,Impala ODBC,100
pricing_user,pricing_user,sales_forecast_textile_dsm,TABLE,implantation_date,string,Impala ODBC,100
pricing_user,pricing_user,sales_forecast_textile_dsm,TABLE,initial_selling_price,double,Impala ODBC,100
pricing_user,pricing_user,sales_forecast_textile_dsm,TABLE,life_until_first_md,double,Impala ODBC,100
pricing_user,pricing_user,sales_forecast_textile_dsm,TABLE,margin_threshold,double,Impala ODBC,100
pricing_user,pricing_user,sales_forecast_textile_dsm,TABLE,min_selling_price,float,Impala ODBC,100
pricing_user,pricing_user,sales_forecast_textile_dsm,TABLE,ncolor,double,Impala ODBC,100
pricing_user,pricing_user,sales_forecast_textile_dsm,TABLE,nmaxweeks,int,Impala ODBC,100
pricing_user,pricing_user,sales_forecast_textile_dsm,TABLE,ntemporad,bigint,Impala ODBC,100
pricing_user,pricing_user,sales_forecast_textile_dsm,TABLE,nweek_exec_avail,int,Impala ODBC,100
pricing_user,pricing_user,sales_forecast_textile_dsm,TABLE,nweek_life,int,Impala ODBC,100
pricing_user,pricing_user,sales_forecast_textile_dsm,TABLE,nweek_year,int,Impala ODBC,100
pricing_user,pricing_user,sales_forecast_textile_dsm,TABLE,nweeks_to_end,int,Impala ODBC,100
pricing_user,pricing_user,sales_forecast_textile_dsm,TABLE,nweeks_to_ini_soldes,int,Impala ODBC,100
pricing_user,pricing_user,sales_forecast_textile_dsm,TABLE,old_pvp_plz,float,Impala ODBC,100
pricing_user,pricing_user,sales_forecast_textile_dsm,TABLE,old_sale_u,int,Impala ODBC,100
pricing_user,pricing_user,sales_forecast_textile_dsm,TABLE,plaza_pricing,bigint,Impala ODBC,100
pricing_user,pricing_user,sales_forecast_textile_dsm,TABLE,pvp_value_plz,float,Impala ODBC,100
pricing_user,pricing_user,sales_forecast_textile_dsm,TABLE,rayonid,string,Impala ODBC,100
pricing_user,pricing_user,sales_forecast_textile_dsm,TABLE,sale_week,int,Impala ODBC,100
pricing_user,pricing_user,sales_forecast_textile_dsm,TABLE,soldes_nweek,int,Impala ODBC,100
pricing_user,pricing_user,sales_forecast_textile_dsm,TABLE,store_cost_price,double,Impala ODBC,100
pricing_user,pricing_user,sales_forecast_textile_dsm,TABLE,ts_insert_dlk,timestamp,Impala ODBC,100
pricing_user,pricing_user,sales_forecast_textile_dsm,TABLE,ts_update_dlk,timestamp,Impala ODBC,100
pricing_user,pricing_user,sales_forecast_textile_dsm,TABLE,user_insert_dlk,string,Impala ODBC,100
pricing_user,pricing_user,sales_forecast_textile_dsm,TABLE,user_update_dlk,string,Impala ODBC,100
pricing_user,pricing_user,sales_forecast_textile_dsm,TABLE,vat,double,Impala ODBC,100
pricing_user,pricing_user,sales_forecast_textile_dsm,TABLE,weeks_between_md,tinyint,Impala ODBC,100
pricing_user,pricing_user,sales_forecast_textile_dsm,TABLE,year,int,Impala ODBC,100
pue,pue,bdprod66773_1,TABLE,daily_forecast_error,double,Impala ODBC,100
pue,pue,bdprod66773_1,TABLE,promo_sales_forecast,double,Impala ODBC,100
pue,pue,bdprod66773_1,TABLE,regular_sales_forecast,double,Impala ODBC,100
pue,pue,bdprod66773_1,TABLE,regular_sales_forecast_bef_deriv,double,Impala ODBC,100
pue,pue,bdprod66773_1,TABLE,total_final_forecast,double,Impala ODBC,100
pue,pue,bdprod66773_1,TABLE,weekly_forecast_error,double,Impala ODBC,100
pue,pue,forecast_last_forecast_sales_regular_update,TABLE,data_source_regular,string,Impala ODBC,100
pue,pue,forecast_last_forecast_sales_regular_update,TABLE,date_sale,timestamp,Impala ODBC,100
pue,pue,forecast_last_forecast_sales_regular_update,TABLE,matnr,string,Impala ODBC,100
pue,pue,forecast_last_forecast_sales_regular_update,TABLE,model_type,smallint,Impala ODBC,100
pue,pue,forecast_last_forecast_sales_regular_update,TABLE,regular_sales_forecast,double,Impala ODBC,100
pue,pue,forecast_last_forecast_sales_regular_update,TABLE,regular_sales_forecast_bef_deriv,double,Impala ODBC,100
pue,pue,forecast_last_forecast_sales_regular_update,TABLE,ts_insert_dlk,timestamp,Impala ODBC,100
pue,pue,forecast_last_forecast_sales_regular_update,TABLE,ts_update_dlk,timestamp,Impala ODBC,100
pue,pue,forecast_last_forecast_sales_regular_update,TABLE,user_insert_dlk,string,Impala ODBC,100
pue,pue,forecast_last_forecast_sales_regular_update,TABLE,user_update_dlk,string,Impala ODBC,100
pue,pue,forecast_last_forecast_sales_regular_update,TABLE,werks,string,Impala ODBC,100
pue,pue,forecast_user_imposed_forecast_forecast_user_imposed_forecast,TABLE,#,Partition,Impala ODBC,100
pue,pue,forecast_user_imposed_forecast_forecast_user_imposed_forecast,TABLE,average_sale_promo,double,Impala ODBC,100
pue,pue,forecast_user_imposed_forecast_forecast_user_imposed_forecast,TABLE,day,int,Impala ODBC,100
pue,pue,forecast_user_imposed_forecast_forecast_user_imposed_forecast,TABLE,end_date_promo,timestamp,Impala ODBC,100
pue,pue,forecast_user_imposed_forecast_forecast_user_imposed_forecast,TABLE,end_date_similar_promo,timestamp,Impala ODBC,100
pue,pue,forecast_user_imposed_forecast_forecast_user_imposed_forecast,TABLE,end_date_stretch1,timestamp,Impala ODBC,100
pue,pue,forecast_user_imposed_forecast_forecast_user_imposed_forecast,TABLE,end_date_stretch2,timestamp,Impala ODBC,100
pue,pue,forecast_user_imposed_forecast_forecast_user_imposed_forecast,TABLE,end_date_stretch3,timestamp,Impala ODBC,100
pue,pue,forecast_user_imposed_forecast_forecast_user_imposed_forecast,TABLE,id_mechanics,string,Impala ODBC,100
pue,pue,forecast_user_imposed_forecast_forecast_user_imposed_forecast,TABLE,id_promo,string,Impala ODBC,100
pue,pue,forecast_user_imposed_forecast_forecast_user_imposed_forecast,TABLE,id_similar_mechanics,string,Impala ODBC,100
pue,pue,forecast_user_imposed_forecast_forecast_user_imposed_forecast,TABLE,id_similar_promo,string,Impala ODBC,100
pue,pue,forecast_user_imposed_forecast_forecast_user_imposed_forecast,TABLE,matnr,string,Impala ODBC,100
pue,pue,forecast_user_imposed_forecast_forecast_user_imposed_forecast,TABLE,matnr_similar,string,Impala ODBC,100
pue,pue,forecast_user_imposed_forecast_forecast_user_imposed_forecast,TABLE,month,int,Impala ODBC,100
pue,pue,forecast_user_imposed_forecast_forecast_user_imposed_forecast,TABLE,sales_percent_stretch1,double,Impala ODBC,100
pue,pue,forecast_user_imposed_forecast_forecast_user_imposed_forecast,TABLE,sales_percent_stretch2,double,Impala ODBC,100
pue,pue,forecast_user_imposed_forecast_forecast_user_imposed_forecast,TABLE,sales_percent_stretch3,double,Impala ODBC,100
pue,pue,forecast_user_imposed_forecast_forecast_user_imposed_forecast,TABLE,start_date_promo,timestamp,Impala ODBC,100
pue,pue,forecast_user_imposed_forecast_forecast_user_imposed_forecast,TABLE,start_date_similar_promo,timestamp,Impala ODBC,100
pue,pue,forecast_user_imposed_forecast_forecast_user_imposed_forecast,TABLE,start_date_stretch1,timestamp,Impala ODBC,100
pue,pue,forecast_user_imposed_forecast_forecast_user_imposed_forecast,TABLE,start_date_stretch2,timestamp,Impala ODBC,100
pue,pue,forecast_user_imposed_forecast_forecast_user_imposed_forecast,TABLE,start_date_stretch3,timestamp,Impala ODBC,100
pue,pue,forecast_user_imposed_forecast_forecast_user_imposed_forecast,TABLE,ts_insert_dlk,timestamp,Impala ODBC,100
pue,pue,forecast_user_imposed_forecast_forecast_user_imposed_forecast,TABLE,ts_update_dlk,timestamp,Impala ODBC,100
pue,pue,forecast_user_imposed_forecast_forecast_user_imposed_forecast,TABLE,user_insert_dlk,string,Impala ODBC,100
pue,pue,forecast_user_imposed_forecast_forecast_user_imposed_forecast,TABLE,user_update_dlk,string,Impala ODBC,100
pue,pue,forecast_user_imposed_forecast_forecast_user_imposed_forecast,TABLE,werks,string,Impala ODBC,100
pue,pue,forecast_user_imposed_forecast_forecast_user_imposed_forecast,TABLE,werks_similar,string,Impala ODBC,100
pue,pue,forecast_user_imposed_forecast_forecast_user_imposed_forecast,TABLE,year,int,Impala ODBC,100
pue,pue,prueba_parquet,TABLE,forecast_proforma_sale,double,Impala ODBC,100
sales_user,sales_user,sm_daily_administrative_sales,TABLE,sales_forecasted,"decimal(18,2)",Impala ODBC,100
sales_user,sales_user,sm_daily_administrative_sales,TABLE,sales_menosventa1_forecasted,"decimal(18,2)",Impala ODBC,100
sales_user,sales_user,sm_daily_administrative_sales,TABLE,sales_menosventa2_forecasted,"decimal(18,2)",Impala ODBC,100
sales_user,sales_user,sm_daily_administrative_sales,TABLE,sales_proforma_forecasted,"decimal(18,2)",Impala ODBC,100
sales_user,sales_user,sm_ecommerce_daily_administrative_sales,TABLE,sales_forecasted,"decimal(18,2)",Impala ODBC,100
sales_user,sales_user,sm_ecommerce_daily_administrative_sales,TABLE,sales_menosventa1_forecasted,"decimal(18,2)",Impala ODBC,100
sales_user,sales_user,sm_ecommerce_daily_administrative_sales,TABLE,sales_menosventa2_forecasted,"decimal(18,2)",Impala ODBC,100
sales_user,sales_user,sm_ecommerce_daily_administrative_sales,TABLE,sales_proforma_forecasted,"decimal(18,2)",Impala ODBC,100
storeoperations_stream,storeoperations_stream,3f_parametrization_info,TABLE,min_forecast,double,Impala ODBC,100
storeoperations_stream,storeoperations_stream,z_cn_alarms,TABLE,zsalesforecast,double,Impala ODBC,100
storeoperations_user,storeoperations_user,grp_report,TABLE,zactrepo_forecast,boolean,Impala ODBC,100
supply_last,supply_last,supply_promo_report,TABLE,forecast_end_date_stretch,timestamp,Impala ODBC,100
supply_last,supply_last,supply_promo_report,TABLE,forecast_global_promotional_index,double,Impala ODBC,100
supply_last,supply_last,supply_promo_report,TABLE,forecast_promotional_index,double,Impala ODBC,100
supply_last,supply_last,supply_promo_report,TABLE,forecast_start_date_stretch,timestamp,Impala ODBC,100
supply_last,supply_last,supply_promo_report,TABLE,promo_sales_forecast,double,Impala ODBC,100
supply_last,supply_last,supply_promo_report,TABLE,promo_sales_forecast_similar,double,Impala ODBC,100
supply_last,supply_last,supply_promo_report,TABLE,regular_sales_forecast,double,Impala ODBC,100
supply_last,supply_last,supply_promo_report,TABLE,regular_sales_forecast_similar,double,Impala ODBC,100
supply_last,supply_last,supply_sales_report,TABLE,daily_sale_forecast,double,Impala ODBC,100
supply_last,supply_last,supply_sales_report,TABLE,final_sales_forecast,double,Impala ODBC,100
supply_last,supply_last,supply_sales_report,TABLE,imposed_forecast,double,Impala ODBC,100
supply_last,supply_last,supply_sales_report,TABLE,promo_imposed_forecast,double,Impala ODBC,100
supply_last,supply_last,supply_sales_report,TABLE,promo_low_rotation_forecast,double,Impala ODBC,100
supply_last,supply_last,supply_sales_report,TABLE,promo_sales_forecast,double,Impala ODBC,100
supply_stream,supply_stream,supply_initializ_param,TABLE,forecast,double,Impala ODBC,100
supply_stream,supply_stream,supply_regular_sale_params,TABLE,calculate_sales_forecast,boolean,Impala ODBC,100
supply_stream,supply_stream,supply_sales_forecast_param,TABLE,active,int,Impala ODBC,100
supply_stream,supply_stream,supply_sales_forecast_param,TABLE,basic,int,Impala ODBC,100
supply_stream,supply_stream,supply_sales_forecast_param,TABLE,commercial_structure,string,Impala ODBC,100
supply_stream,supply_stream,supply_sales_forecast_param,TABLE,created_by,string,Impala ODBC,100
supply_stream,supply_stream,supply_sales_forecast_param,TABLE,creation_date,timestamp,Impala ODBC,100
supply_stream,supply_stream,supply_sales_forecast_param,TABLE,date_from,timestamp,Impala ODBC,100
supply_stream,supply_stream,supply_sales_forecast_param,TABLE,date_to,timestamp,Impala ODBC,100
supply_stream,supply_stream,supply_sales_forecast_param,TABLE,id,int,Impala ODBC,100
supply_stream,supply_stream,supply_sales_forecast_param,TABLE,id_distribution_channel,string,Impala ODBC,100
supply_stream,supply_stream,supply_sales_forecast_param,TABLE,id_family,string,Impala ODBC,100
supply_stream,supply_stream,supply_sales_forecast_param,TABLE,id_group_family,string,Impala ODBC,100
supply_stream,supply_stream,supply_sales_forecast_param,TABLE,id_group_store,string,Impala ODBC,100
supply_stream,supply_stream,supply_sales_forecast_param,TABLE,id_section,string,Impala ODBC,100
supply_stream,supply_stream,supply_sales_forecast_param,TABLE,id_sector,string,Impala ODBC,100
supply_stream,supply_stream,supply_sales_forecast_param,TABLE,id_store,string,Impala ODBC,100
supply_stream,supply_stream,supply_sales_forecast_param,TABLE,id_sub_family,string,Impala ODBC,100
supply_stream,supply_stream,supply_sales_forecast_param,TABLE,model,string,Impala ODBC,100
supply_stream,supply_stream,supply_sales_forecast_param,TABLE,name_distribution_channel,string,Impala ODBC,100
supply_stream,supply_stream,supply_sales_forecast_param,TABLE,name_family,string,Impala ODBC,100
supply_stream,supply_stream,supply_sales_forecast_param,TABLE,name_group_family,string,Impala ODBC,100
supply_stream,supply_stream,supply_sales_forecast_param,TABLE,name_group_store,string,Impala ODBC,100
supply_stream,supply_stream,supply_sales_forecast_param,TABLE,name_section,string,Impala ODBC,100
supply_stream,supply_stream,supply_sales_forecast_param,TABLE,name_sector,string,Impala ODBC,100
supply_stream,supply_stream,supply_sales_forecast_param,TABLE,name_store,string,Impala ODBC,100
supply_stream,supply_stream,supply_sales_forecast_param,TABLE,name_sub_family,string,Impala ODBC,100
supply_stream,supply_stream,supply_sales_forecast_param,TABLE,parameter_m,int,Impala ODBC,100
supply_stream,supply_stream,supply_sales_forecast_param,TABLE,parameter_n,int,Impala ODBC,100
supply_stream,supply_stream,supply_sales_forecast_param,TABLE,ts_insert_dlk,timestamp,Impala ODBC,100
supply_stream,supply_stream,supply_sales_forecast_param,TABLE,ts_update_dlk,timestamp,Impala ODBC,100
supply_stream,supply_stream,supply_sales_forecast_param,TABLE,update_date,timestamp,Impala ODBC,100
supply_stream,supply_stream,supply_sales_forecast_param,TABLE,updated_by,string,Impala ODBC,100
supply_stream,supply_stream,supply_sales_forecast_param,TABLE,user_insert_dlk,string,Impala ODBC,100
supply_stream,supply_stream,supply_sales_forecast_param,TABLE,user_update_dlk,string,Impala ODBC,100
supply_stream,supply_stream,supply_sku_initialization,TABLE,forecast,double,Impala ODBC,100
supply_stream,supply_stream,supply_states_master,TABLE,apply_forecast,boolean,Impala ODBC,100
supply_user,supply_user,forecast_sales_models_comparison,TABLE,daily_sales,double,Impala ODBC,100
supply_user,supply_user,forecast_sales_models_comparison,TABLE,date_sale,timestamp,Impala ODBC,100
supply_user,supply_user,forecast_sales_models_comparison,TABLE,family_group_id,string,Impala ODBC,100
supply_user,supply_user,forecast_sales_models_comparison,TABLE,family_id,string,Impala ODBC,100
supply_user,supply_user,forecast_sales_models_comparison,TABLE,matnr,string,Impala ODBC,100
supply_user,supply_user,forecast_sales_models_comparison,TABLE,sales_forecast_c4,double,Impala ODBC,100
supply_user,supply_user,forecast_sales_models_comparison,TABLE,sales_forecast_new,double,Impala ODBC,100
supply_user,supply_user,forecast_sales_models_comparison,TABLE,section_id,string,Impala ODBC,100
supply_user,supply_user,forecast_sales_models_comparison,TABLE,sector_id,string,Impala ODBC,100
supply_user,supply_user,forecast_sales_models_comparison,TABLE,subfamily_id,string,Impala ODBC,100
supply_user,supply_user,forecast_sales_models_comparison,TABLE,ts_insert_dlk,timestamp,Impala ODBC,100
supply_user,supply_user,forecast_sales_models_comparison,TABLE,ts_update_dlk,timestamp,Impala ODBC,100
supply_user,supply_user,forecast_sales_models_comparison,TABLE,user_insert_dlk,string,Impala ODBC,100
supply_user,supply_user,forecast_sales_models_comparison,TABLE,user_update_dlk,string,Impala ODBC,100
supply_user,supply_user,forecast_sales_models_comparison,TABLE,werks,string,Impala ODBC,100
supply_user,supply_user,supply_display_stock_parametrizations_landing,TABLE,sales_forecast,double,Impala ODBC,100
supply_user,supply_user,supply_display_stock_rates_landing,TABLE,sales_forecast,double,Impala ODBC,100
supply_user,supply_user,supply_promotions,TABLE,calculated_promo_sales_forecast,double,Impala ODBC,100
supply_user,supply_user,supply_promotions,TABLE,forecast_global_promotional_index,double,Impala ODBC,100
supply_user,supply_user,supply_promotions,TABLE,forecast_promotional_index_1,double,Impala ODBC,100
supply_user,supply_user,supply_promotions,TABLE,forecast_promotional_index_2,double,Impala ODBC,100
supply_user,supply_user,supply_promotions,TABLE,forecast_promotional_index_3,double,Impala ODBC,100
supply_user,supply_user,supply_promotions,TABLE,low_rotation_promo_sales_forecast,double,Impala ODBC,100
supply_user,supply_user,supply_promotions,TABLE,promo_sales_forecast,double,Impala ODBC,100
supply_user,supply_user,supply_promotions,TABLE,regular_sales_forecast,double,Impala ODBC,100
supply_user,supply_user,supply_sku_cie_rates_landing,TABLE,sales_forecast,double,Impala ODBC,100
supply_user,supply_user,supply_storeinit_regular_forecast_h,TABLE,#,Partition,Impala ODBC,100
supply_user,supply_user,supply_storeinit_regular_forecast_h,TABLE,day,int,Impala ODBC,100
supply_user,supply_user,supply_storeinit_regular_forecast_h,TABLE,id_parametrization,int,Impala ODBC,100
supply_user,supply_user,supply_storeinit_regular_forecast_h,TABLE,matnr,string,Impala ODBC,100
supply_user,supply_user,supply_storeinit_regular_forecast_h,TABLE,month,int,Impala ODBC,100
supply_user,supply_user,supply_storeinit_regular_forecast_h,TABLE,multiplier,double,Impala ODBC,100
supply_user,supply_user,supply_storeinit_regular_forecast_h,TABLE,tes,string,Impala ODBC,100
supply_user,supply_user,supply_storeinit_regular_forecast_h,TABLE,tes_sku_state,string,Impala ODBC,100
supply_user,supply_user,supply_storeinit_regular_forecast_h,TABLE,tin,string,Impala ODBC,100
supply_user,supply_user,supply_storeinit_regular_forecast_h,TABLE,ts_insert_dlk,timestamp,Impala ODBC,100
supply_user,supply_user,supply_storeinit_regular_forecast_h,TABLE,ts_update_dlk,timestamp,Impala ODBC,100
supply_user,supply_user,supply_storeinit_regular_forecast_h,TABLE,user_insert_dlk,string,Impala ODBC,100
supply_user,supply_user,supply_storeinit_regular_forecast_h,TABLE,user_update_dlk,string,Impala ODBC,100
supply_user,supply_user,supply_storeinit_regular_forecast_h,TABLE,year,int,Impala ODBC,100
